cod_municipio,municipio,uf,data_competencia,ano,mes,internacoes
350010,ADAMANTINA,SP,2025-01-01,2025,1,414
350010,ADAMANTINA,SP,2025-02-01,2025,2,403
350010,ADAMANTINA,SP,2025-03-01,2025,3,431
350010,ADAMANTINA,SP,2025-04-01,2025,4,457
350010,ADAMANTINA,SP,2025-05-01,2025,5,519
350010,ADAMANTINA,SP,2025-06-01,2025,6,451
350010,ADAMANTINA,SP,2025-07-01,2025,7,477
350010,ADAMANTINA,SP,2025-08-01,2025,8,441
350010,ADAMANTINA,SP,2025-09-01,2025,9,470
350010,ADAMANTINA,SP,2025-10-01,2025,10,485
350010,ADAMANTINA,SP,2025-11-01,2025,11,420
350010,ADAMANTINA,SP,2025-12-01,2025,12,425
350030,AGUAI,SP,2025-01-01,2025,1,55
350030,AGUAI,SP,2025-02-01,2025,2,40
350030,AGUAI,SP,2025-03-01,2025,3,51
350030,AGUAI,SP,2025-04-01,2025,4,55
350030,AGUAI,SP,2025-05-01,2025,5,68
350030,AGUAI,SP,2025-06-01,2025,6,60
350030,AGUAI,SP,2025-07-01,2025,7,36
350030,AGUAI,SP,2025-08-01,2025,8,39
350030,AGUAI,SP,2025-09-01,2025,9,43
350030,AGUAI,SP,2025-10-01,2025,10,25
350030,AGUAI,SP,2025-11-01,2025,11,25
350030,AGUAI,SP,2025-12-01,2025,12,38
350050,AGUAS DE LINDOIA,SP,2025-01-01,2025,1,106
350050,AGUAS DE LINDOIA,SP,2025-02-01,2025,2,93
350050,AGUAS DE LINDOIA,SP,2025-03-01,2025,3,82
350050,AGUAS DE LINDOIA,SP,2025-04-01,2025,4,103
350050,AGUAS DE LINDOIA,SP,2025-05-01,2025,5,113
350050,AGUAS DE LINDOIA,SP,2025-06-01,2025,6,81
350050,AGUAS DE LINDOIA,SP,2025-07-01,2025,7,113
350050,AGUAS DE LINDOIA,SP,2025-08-01,2025,8,102
350050,AGUAS DE LINDOIA,SP,2025-09-01,2025,9,89
350050,AGUAS DE LINDOIA,SP,2025-10-01,2025,10,107
350050,AGUAS DE LINDOIA,SP,2025-11-01,2025,11,101
350050,AGUAS DE LINDOIA,SP,2025-12-01,2025,12,111
350070,AGUDOS,SP,2025-01-01,2025,1,92
350070,AGUDOS,SP,2025-02-01,2025,2,112
350070,AGUDOS,SP,2025-03-01,2025,3,108
350070,AGUDOS,SP,2025-04-01,2025,4,123
350070,AGUDOS,SP,2025-05-01,2025,5,109
350070,AGUDOS,SP,2025-06-01,2025,6,114
350070,AGUDOS,SP,2025-07-01,2025,7,100
350070,AGUDOS,SP,2025-08-01,2025,8,101
350070,AGUDOS,SP,2025-09-01,2025,9,107
350070,AGUDOS,SP,2025-10-01,2025,10,101
350070,AGUDOS,SP,2025-11-01,2025,11,83
350070,AGUDOS,SP,2025-12-01,2025,12,73
350100,ALTINOPOLIS,SP,2025-01-01,2025,1,170
350100,ALTINOPOLIS,SP,2025-02-01,2025,2,146
350100,ALTINOPOLIS,SP,2025-03-01,2025,3,173
350100,ALTINOPOLIS,SP,2025-04-01,2025,4,190
350100,ALTINOPOLIS,SP,2025-05-01,2025,5,209
350100,ALTINOPOLIS,SP,2025-06-01,2025,6,176
350100,ALTINOPOLIS,SP,2025-07-01,2025,7,183
350100,ALTINOPOLIS,SP,2025-08-01,2025,8,152
350100,ALTINOPOLIS,SP,2025-09-01,2025,9,166
350100,ALTINOPOLIS,SP,2025-10-01,2025,10,195
350100,ALTINOPOLIS,SP,2025-11-01,2025,11,144
350100,ALTINOPOLIS,SP,2025-12-01,2025,12,141
350110,ALTO ALEGRE,SP,2025-01-01,2025,1,9
350110,ALTO ALEGRE,SP,2025-02-01,2025,2,7
350110,ALTO ALEGRE,SP,2025-03-01,2025,3,17
350110,ALTO ALEGRE,SP,2025-04-01,2025,4,15
350110,ALTO ALEGRE,SP,2025-05-01,2025,5,12
350110,ALTO ALEGRE,SP,2025-06-01,2025,6,10
350110,ALTO ALEGRE,SP,2025-07-01,2025,7,3
350110,ALTO ALEGRE,SP,2025-08-01,2025,8,0
350110,ALTO ALEGRE,SP,2025-09-01,2025,9,7
350110,ALTO ALEGRE,SP,2025-10-01,2025,10,5
350110,ALTO ALEGRE,SP,2025-11-01,2025,11,1
350110,ALTO ALEGRE,SP,2025-12-01,2025,12,0
350130,ALVARES MACHADO,SP,2025-01-01,2025,1,61
350130,ALVARES MACHADO,SP,2025-02-01,2025,2,64
350130,ALVARES MACHADO,SP,2025-03-01,2025,3,83
350130,ALVARES MACHADO,SP,2025-04-01,2025,4,85
350130,ALVARES MACHADO,SP,2025-05-01,2025,5,65
350130,ALVARES MACHADO,SP,2025-06-01,2025,6,59
350130,ALVARES MACHADO,SP,2025-07-01,2025,7,58
350130,ALVARES MACHADO,SP,2025-08-01,2025,8,79
350130,ALVARES MACHADO,SP,2025-09-01,2025,9,62
350130,ALVARES MACHADO,SP,2025-10-01,2025,10,62
350130,ALVARES MACHADO,SP,2025-11-01,2025,11,61
350130,ALVARES MACHADO,SP,2025-12-01,2025,12,69
350160,AMERICANA,SP,2025-01-01,2025,1,699
350160,AMERICANA,SP,2025-02-01,2025,2,822
350160,AMERICANA,SP,2025-03-01,2025,3,869
350160,AMERICANA,SP,2025-04-01,2025,4,829
350160,AMERICANA,SP,2025-05-01,2025,5,925
350160,AMERICANA,SP,2025-06-01,2025,6,800
350160,AMERICANA,SP,2025-07-01,2025,7,959
350160,AMERICANA,SP,2025-08-01,2025,8,923
350160,AMERICANA,SP,2025-09-01,2025,9,831
350160,AMERICANA,SP,2025-10-01,2025,10,801
350160,AMERICANA,SP,2025-11-01,2025,11,698
350160,AMERICANA,SP,2025-12-01,2025,12,644
350170,AMERICO BRASILIENSE,SP,2025-01-01,2025,1,524
350170,AMERICO BRASILIENSE,SP,2025-02-01,2025,2,556
350170,AMERICO BRASILIENSE,SP,2025-03-01,2025,3,594
350170,AMERICO BRASILIENSE,SP,2025-04-01,2025,4,625
350170,AMERICO BRASILIENSE,SP,2025-05-01,2025,5,610
350170,AMERICO BRASILIENSE,SP,2025-06-01,2025,6,516
350170,AMERICO BRASILIENSE,SP,2025-07-01,2025,7,583
350170,AMERICO BRASILIENSE,SP,2025-08-01,2025,8,511
350170,AMERICO BRASILIENSE,SP,2025-09-01,2025,9,539
350170,AMERICO BRASILIENSE,SP,2025-10-01,2025,10,679
350170,AMERICO BRASILIENSE,SP,2025-11-01,2025,11,596
350170,AMERICO BRASILIENSE,SP,2025-12-01,2025,12,366
350190,AMPARO,SP,2025-01-01,2025,1,487
350190,AMPARO,SP,2025-02-01,2025,2,489
350190,AMPARO,SP,2025-03-01,2025,3,484
350190,AMPARO,SP,2025-04-01,2025,4,395
350190,AMPARO,SP,2025-05-01,2025,5,403
350190,AMPARO,SP,2025-06-01,2025,6,421
350190,AMPARO,SP,2025-07-01,2025,7,418
350190,AMPARO,SP,2025-08-01,2025,8,416
350190,AMPARO,SP,2025-09-01,2025,9,330
350190,AMPARO,SP,2025-10-01,2025,10,414
350190,AMPARO,SP,2025-11-01,2025,11,386
350190,AMPARO,SP,2025-12-01,2025,12,370
350210,ANDRADINA,SP,2025-01-01,2025,1,312
350210,ANDRADINA,SP,2025-02-01,2025,2,256
350210,ANDRADINA,SP,2025-03-01,2025,3,272
350210,ANDRADINA,SP,2025-04-01,2025,4,267
350210,ANDRADINA,SP,2025-05-01,2025,5,330
350210,ANDRADINA,SP,2025-06-01,2025,6,269
350210,ANDRADINA,SP,2025-07-01,2025,7,330
350210,ANDRADINA,SP,2025-08-01,2025,8,314
350210,ANDRADINA,SP,2025-09-01,2025,9,263
350210,ANDRADINA,SP,2025-10-01,2025,10,251
350210,ANDRADINA,SP,2025-11-01,2025,11,278
350210,ANDRADINA,SP,2025-12-01,2025,12,274
350220,ANGATUBA,SP,2025-01-01,2025,1,124
350220,ANGATUBA,SP,2025-02-01,2025,2,138
350220,ANGATUBA,SP,2025-03-01,2025,3,135
350220,ANGATUBA,SP,2025-04-01,2025,4,186
350220,ANGATUBA,SP,2025-05-01,2025,5,181
350220,ANGATUBA,SP,2025-06-01,2025,6,201
350220,ANGATUBA,SP,2025-07-01,2025,7,153
350220,ANGATUBA,SP,2025-08-01,2025,8,163
350220,ANGATUBA,SP,2025-09-01,2025,9,172
350220,ANGATUBA,SP,2025-10-01,2025,10,137
350220,ANGATUBA,SP,2025-11-01,2025,11,134
350220,ANGATUBA,SP,2025-12-01,2025,12,99
350250,APARECIDA,SP,2025-01-01,2025,1,302
350250,APARECIDA,SP,2025-02-01,2025,2,362
350250,APARECIDA,SP,2025-03-01,2025,3,322
350250,APARECIDA,SP,2025-04-01,2025,4,373
350250,APARECIDA,SP,2025-05-01,2025,5,258
350250,APARECIDA,SP,2025-06-01,2025,6,502
350250,APARECIDA,SP,2025-07-01,2025,7,397
350250,APARECIDA,SP,2025-08-01,2025,8,379
350250,APARECIDA,SP,2025-09-01,2025,9,407
350250,APARECIDA,SP,2025-10-01,2025,10,436
350250,APARECIDA,SP,2025-11-01,2025,11,594
350250,APARECIDA,SP,2025-12-01,2025,12,517
350260,APARECIDA D'OESTE,SP,2025-01-01,2025,1,22
350260,APARECIDA D'OESTE,SP,2025-02-01,2025,2,9
350260,APARECIDA D'OESTE,SP,2025-03-01,2025,3,9
350260,APARECIDA D'OESTE,SP,2025-04-01,2025,4,2
350260,APARECIDA D'OESTE,SP,2025-05-01,2025,5,6
350260,APARECIDA D'OESTE,SP,2025-06-01,2025,6,9
350260,APARECIDA D'OESTE,SP,2025-07-01,2025,7,6
350260,APARECIDA D'OESTE,SP,2025-08-01,2025,8,8
350260,APARECIDA D'OESTE,SP,2025-09-01,2025,9,6
350260,APARECIDA D'OESTE,SP,2025-10-01,2025,10,3
350260,APARECIDA D'OESTE,SP,2025-11-01,2025,11,5
350260,APARECIDA D'OESTE,SP,2025-12-01,2025,12,9
350270,APIAI,SP,2025-01-01,2025,1,239
350270,APIAI,SP,2025-02-01,2025,2,226
350270,APIAI,SP,2025-03-01,2025,3,240
350270,APIAI,SP,2025-04-01,2025,4,246
350270,APIAI,SP,2025-05-01,2025,5,362
350270,APIAI,SP,2025-06-01,2025,6,288
350270,APIAI,SP,2025-07-01,2025,7,298
350270,APIAI,SP,2025-08-01,2025,8,267
350270,APIAI,SP,2025-09-01,2025,9,282
350270,APIAI,SP,2025-10-01,2025,10,292
350270,APIAI,SP,2025-11-01,2025,11,299
350270,APIAI,SP,2025-12-01,2025,12,325
350280,ARACATUBA,SP,2025-01-01,2025,1,1752
350280,ARACATUBA,SP,2025-02-01,2025,2,1222
350280,ARACATUBA,SP,2025-03-01,2025,3,1194
350280,ARACATUBA,SP,2025-04-01,2025,4,1241
350280,ARACATUBA,SP,2025-05-01,2025,5,1285
350280,ARACATUBA,SP,2025-06-01,2025,6,1054
350280,ARACATUBA,SP,2025-07-01,2025,7,1176
350280,ARACATUBA,SP,2025-08-01,2025,8,1198
350280,ARACATUBA,SP,2025-09-01,2025,9,1254
350280,ARACATUBA,SP,2025-10-01,2025,10,1236
350280,ARACATUBA,SP,2025-11-01,2025,11,982
350280,ARACATUBA,SP,2025-12-01,2025,12,989
350310,ARANDU,SP,2025-01-01,2025,1,10
350310,ARANDU,SP,2025-02-01,2025,2,3
350310,ARANDU,SP,2025-03-01,2025,3,8
350310,ARANDU,SP,2025-04-01,2025,4,10
350310,ARANDU,SP,2025-05-01,2025,5,8
350310,ARANDU,SP,2025-06-01,2025,6,7
350310,ARANDU,SP,2025-07-01,2025,7,8
350310,ARANDU,SP,2025-08-01,2025,8,11
350310,ARANDU,SP,2025-09-01,2025,9,12
350310,ARANDU,SP,2025-10-01,2025,10,10
350310,ARANDU,SP,2025-11-01,2025,11,9
350310,ARANDU,SP,2025-12-01,2025,12,8
350320,ARARAQUARA,SP,2025-01-01,2025,1,1866
350320,ARARAQUARA,SP,2025-02-01,2025,2,1589
350320,ARARAQUARA,SP,2025-03-01,2025,3,1683
350320,ARARAQUARA,SP,2025-04-01,2025,4,1722
350320,ARARAQUARA,SP,2025-05-01,2025,5,1698
350320,ARARAQUARA,SP,2025-06-01,2025,6,1507
350320,ARARAQUARA,SP,2025-07-01,2025,7,1745
350320,ARARAQUARA,SP,2025-08-01,2025,8,1779
350320,ARARAQUARA,SP,2025-09-01,2025,9,1890
350320,ARARAQUARA,SP,2025-10-01,2025,10,1803
350320,ARARAQUARA,SP,2025-11-01,2025,11,1973
350320,ARARAQUARA,SP,2025-12-01,2025,12,1614
350330,ARARAS,SP,2025-01-01,2025,1,452
350330,ARARAS,SP,2025-02-01,2025,2,524
350330,ARARAS,SP,2025-03-01,2025,3,549
350330,ARARAS,SP,2025-04-01,2025,4,702
350330,ARARAS,SP,2025-05-01,2025,5,698
350330,ARARAS,SP,2025-06-01,2025,6,605
350330,ARARAS,SP,2025-07-01,2025,7,602
350330,ARARAS,SP,2025-08-01,2025,8,596
350330,ARARAS,SP,2025-09-01,2025,9,607
350330,ARARAS,SP,2025-10-01,2025,10,689
350330,ARARAS,SP,2025-11-01,2025,11,647
350330,ARARAS,SP,2025-12-01,2025,12,692
350340,AREALVA,SP,2025-01-01,2025,1,16
350340,AREALVA,SP,2025-02-01,2025,2,18
350340,AREALVA,SP,2025-03-01,2025,3,18
350340,AREALVA,SP,2025-04-01,2025,4,29
350340,AREALVA,SP,2025-05-01,2025,5,22
350340,AREALVA,SP,2025-06-01,2025,6,31
350340,AREALVA,SP,2025-07-01,2025,7,24
350340,AREALVA,SP,2025-08-01,2025,8,23
350340,AREALVA,SP,2025-09-01,2025,9,26
350340,AREALVA,SP,2025-10-01,2025,10,19
350340,AREALVA,SP,2025-11-01,2025,11,17
350340,AREALVA,SP,2025-12-01,2025,12,17
350390,ARUJA,SP,2025-01-01,2025,1,181
350390,ARUJA,SP,2025-02-01,2025,2,121
350390,ARUJA,SP,2025-03-01,2025,3,139
350390,ARUJA,SP,2025-04-01,2025,4,0
350390,ARUJA,SP,2025-05-01,2025,5,0
350390,ARUJA,SP,2025-06-01,2025,6,0
350390,ARUJA,SP,2025-07-01,2025,7,0
350390,ARUJA,SP,2025-08-01,2025,8,0
350390,ARUJA,SP,2025-09-01,2025,9,0
350390,ARUJA,SP,2025-10-01,2025,10,0
350390,ARUJA,SP,2025-11-01,2025,11,0
350390,ARUJA,SP,2025-12-01,2025,12,0
350400,ASSIS,SP,2025-01-01,2025,1,742
350400,ASSIS,SP,2025-02-01,2025,2,788
350400,ASSIS,SP,2025-03-01,2025,3,892
350400,ASSIS,SP,2025-04-01,2025,4,868
350400,ASSIS,SP,2025-05-01,2025,5,1013
350400,ASSIS,SP,2025-06-01,2025,6,943
350400,ASSIS,SP,2025-07-01,2025,7,974
350400,ASSIS,SP,2025-08-01,2025,8,952
350400,ASSIS,SP,2025-09-01,2025,9,830
350400,ASSIS,SP,2025-10-01,2025,10,994
350400,ASSIS,SP,2025-11-01,2025,11,852
350400,ASSIS,SP,2025-12-01,2025,12,895
350410,ATIBAIA,SP,2025-01-01,2025,1,301
350410,ATIBAIA,SP,2025-02-01,2025,2,352
350410,ATIBAIA,SP,2025-03-01,2025,3,389
350410,ATIBAIA,SP,2025-04-01,2025,4,439
350410,ATIBAIA,SP,2025-05-01,2025,5,411
350410,ATIBAIA,SP,2025-06-01,2025,6,409
350410,ATIBAIA,SP,2025-07-01,2025,7,415
350410,ATIBAIA,SP,2025-08-01,2025,8,405
350410,ATIBAIA,SP,2025-09-01,2025,9,339
350410,ATIBAIA,SP,2025-10-01,2025,10,336
350410,ATIBAIA,SP,2025-11-01,2025,11,379
350410,ATIBAIA,SP,2025-12-01,2025,12,360
350420,AURIFLAMA,SP,2025-01-01,2025,1,240
350420,AURIFLAMA,SP,2025-02-01,2025,2,263
350420,AURIFLAMA,SP,2025-03-01,2025,3,243
350420,AURIFLAMA,SP,2025-04-01,2025,4,236
350420,AURIFLAMA,SP,2025-05-01,2025,5,222
350420,AURIFLAMA,SP,2025-06-01,2025,6,197
350420,AURIFLAMA,SP,2025-07-01,2025,7,211
350420,AURIFLAMA,SP,2025-08-01,2025,8,209
350420,AURIFLAMA,SP,2025-09-01,2025,9,183
350420,AURIFLAMA,SP,2025-10-01,2025,10,211
350420,AURIFLAMA,SP,2025-11-01,2025,11,215
350420,AURIFLAMA,SP,2025-12-01,2025,12,278
350450,AVARE,SP,2025-01-01,2025,1,620
350450,AVARE,SP,2025-02-01,2025,2,618
350450,AVARE,SP,2025-03-01,2025,3,619
350450,AVARE,SP,2025-04-01,2025,4,612
350450,AVARE,SP,2025-05-01,2025,5,607
350450,AVARE,SP,2025-06-01,2025,6,681
350450,AVARE,SP,2025-07-01,2025,7,733
350450,AVARE,SP,2025-08-01,2025,8,695
350450,AVARE,SP,2025-09-01,2025,9,648
350450,AVARE,SP,2025-10-01,2025,10,579
350450,AVARE,SP,2025-11-01,2025,11,600
350450,AVARE,SP,2025-12-01,2025,12,582
350520,BARIRI,SP,2025-01-01,2025,1,131
350520,BARIRI,SP,2025-02-01,2025,2,144
350520,BARIRI,SP,2025-03-01,2025,3,169
350520,BARIRI,SP,2025-04-01,2025,4,176
350520,BARIRI,SP,2025-05-01,2025,5,173
350520,BARIRI,SP,2025-06-01,2025,6,158
350520,BARIRI,SP,2025-07-01,2025,7,189
350520,BARIRI,SP,2025-08-01,2025,8,202
350520,BARIRI,SP,2025-09-01,2025,9,214
350520,BARIRI,SP,2025-10-01,2025,10,213
350520,BARIRI,SP,2025-11-01,2025,11,153
350520,BARIRI,SP,2025-12-01,2025,12,173
350530,BARRA BONITA,SP,2025-01-01,2025,1,181
350530,BARRA BONITA,SP,2025-02-01,2025,2,157
350530,BARRA BONITA,SP,2025-03-01,2025,3,159
350530,BARRA BONITA,SP,2025-04-01,2025,4,179
350530,BARRA BONITA,SP,2025-05-01,2025,5,210
350530,BARRA BONITA,SP,2025-06-01,2025,6,210
350530,BARRA BONITA,SP,2025-07-01,2025,7,214
350530,BARRA BONITA,SP,2025-08-01,2025,8,205
350530,BARRA BONITA,SP,2025-09-01,2025,9,183
350530,BARRA BONITA,SP,2025-10-01,2025,10,184
350530,BARRA BONITA,SP,2025-11-01,2025,11,161
350530,BARRA BONITA,SP,2025-12-01,2025,12,163
350550,BARRETOS,SP,2025-01-01,2025,1,2760
350550,BARRETOS,SP,2025-02-01,2025,2,2511
350550,BARRETOS,SP,2025-03-01,2025,3,2735
350550,BARRETOS,SP,2025-04-01,2025,4,2658
350550,BARRETOS,SP,2025-05-01,2025,5,2686
350550,BARRETOS,SP,2025-06-01,2025,6,2682
350550,BARRETOS,SP,2025-07-01,2025,7,2604
350550,BARRETOS,SP,2025-08-01,2025,8,2892
350550,BARRETOS,SP,2025-09-01,2025,9,2877
350550,BARRETOS,SP,2025-10-01,2025,10,2633
350550,BARRETOS,SP,2025-11-01,2025,11,2930
350550,BARRETOS,SP,2025-12-01,2025,12,2687
350570,BARUERI,SP,2025-01-01,2025,1,2563
350570,BARUERI,SP,2025-02-01,2025,2,2552
350570,BARUERI,SP,2025-03-01,2025,3,3267
350570,BARUERI,SP,2025-04-01,2025,4,3407
350570,BARUERI,SP,2025-05-01,2025,5,3866
350570,BARUERI,SP,2025-06-01,2025,6,3165
350570,BARUERI,SP,2025-07-01,2025,7,3296
350570,BARUERI,SP,2025-08-01,2025,8,3452
350570,BARUERI,SP,2025-09-01,2025,9,3429
350570,BARUERI,SP,2025-10-01,2025,10,3659
350570,BARUERI,SP,2025-11-01,2025,11,3215
350570,BARUERI,SP,2025-12-01,2025,12,3008
350580,BASTOS,SP,2025-01-01,2025,1,115
350580,BASTOS,SP,2025-02-01,2025,2,99
350580,BASTOS,SP,2025-03-01,2025,3,121
350580,BASTOS,SP,2025-04-01,2025,4,128
350580,BASTOS,SP,2025-05-01,2025,5,136
350580,BASTOS,SP,2025-06-01,2025,6,116
350580,BASTOS,SP,2025-07-01,2025,7,122
350580,BASTOS,SP,2025-08-01,2025,8,96
350580,BASTOS,SP,2025-09-01,2025,9,80
350580,BASTOS,SP,2025-10-01,2025,10,83
350580,BASTOS,SP,2025-11-01,2025,11,91
350580,BASTOS,SP,2025-12-01,2025,12,98
350590,BATATAIS,SP,2025-01-01,2025,1,329
350590,BATATAIS,SP,2025-02-01,2025,2,340
350590,BATATAIS,SP,2025-03-01,2025,3,397
350590,BATATAIS,SP,2025-04-01,2025,4,374
350590,BATATAIS,SP,2025-05-01,2025,5,431
350590,BATATAIS,SP,2025-06-01,2025,6,368
350590,BATATAIS,SP,2025-07-01,2025,7,331
350590,BATATAIS,SP,2025-08-01,2025,8,363
350590,BATATAIS,SP,2025-09-01,2025,9,308
350590,BATATAIS,SP,2025-10-01,2025,10,310
350590,BATATAIS,SP,2025-11-01,2025,11,275
350590,BATATAIS,SP,2025-12-01,2025,12,301
350600,BAURU,SP,2025-01-01,2025,1,3209
350600,BAURU,SP,2025-02-01,2025,2,3251
350600,BAURU,SP,2025-03-01,2025,3,3394
350600,BAURU,SP,2025-04-01,2025,4,3505
350600,BAURU,SP,2025-05-01,2025,5,3584
350600,BAURU,SP,2025-06-01,2025,6,3162
350600,BAURU,SP,2025-07-01,2025,7,3439
350600,BAURU,SP,2025-08-01,2025,8,3547
350600,BAURU,SP,2025-09-01,2025,9,3480
350600,BAURU,SP,2025-10-01,2025,10,3807
350600,BAURU,SP,2025-11-01,2025,11,3637
350600,BAURU,SP,2025-12-01,2025,12,3731
350610,BEBEDOURO,SP,2025-01-01,2025,1,703
350610,BEBEDOURO,SP,2025-02-01,2025,2,707
350610,BEBEDOURO,SP,2025-03-01,2025,3,777
350610,BEBEDOURO,SP,2025-04-01,2025,4,805
350610,BEBEDOURO,SP,2025-05-01,2025,5,862
350610,BEBEDOURO,SP,2025-06-01,2025,6,689
350610,BEBEDOURO,SP,2025-07-01,2025,7,786
350610,BEBEDOURO,SP,2025-08-01,2025,8,767
350610,BEBEDOURO,SP,2025-09-01,2025,9,720
350610,BEBEDOURO,SP,2025-10-01,2025,10,786
350610,BEBEDOURO,SP,2025-11-01,2025,11,704
350610,BEBEDOURO,SP,2025-12-01,2025,12,638
350630,BERNARDINO DE CAMPOS,SP,2025-01-01,2025,1,61
350630,BERNARDINO DE CAMPOS,SP,2025-02-01,2025,2,66
350630,BERNARDINO DE CAMPOS,SP,2025-03-01,2025,3,88
350630,BERNARDINO DE CAMPOS,SP,2025-04-01,2025,4,57
350630,BERNARDINO DE CAMPOS,SP,2025-05-01,2025,5,66
350630,BERNARDINO DE CAMPOS,SP,2025-06-01,2025,6,63
350630,BERNARDINO DE CAMPOS,SP,2025-07-01,2025,7,62
350630,BERNARDINO DE CAMPOS,SP,2025-08-01,2025,8,78
350630,BERNARDINO DE CAMPOS,SP,2025-09-01,2025,9,65
350630,BERNARDINO DE CAMPOS,SP,2025-10-01,2025,10,72
350630,BERNARDINO DE CAMPOS,SP,2025-11-01,2025,11,59
350630,BERNARDINO DE CAMPOS,SP,2025-12-01,2025,12,59
350635,BERTIOGA,SP,2025-01-01,2025,1,278
350635,BERTIOGA,SP,2025-02-01,2025,2,255
350635,BERTIOGA,SP,2025-03-01,2025,3,277
350635,BERTIOGA,SP,2025-04-01,2025,4,272
350635,BERTIOGA,SP,2025-05-01,2025,5,301
350635,BERTIOGA,SP,2025-06-01,2025,6,274
350635,BERTIOGA,SP,2025-07-01,2025,7,284
350635,BERTIOGA,SP,2025-08-01,2025,8,269
350635,BERTIOGA,SP,2025-09-01,2025,9,287
350635,BERTIOGA,SP,2025-10-01,2025,10,316
350635,BERTIOGA,SP,2025-11-01,2025,11,300
350635,BERTIOGA,SP,2025-12-01,2025,12,250
350640,BILAC,SP,2025-01-01,2025,1,36
350640,BILAC,SP,2025-02-01,2025,2,27
350640,BILAC,SP,2025-03-01,2025,3,22
350640,BILAC,SP,2025-04-01,2025,4,17
350640,BILAC,SP,2025-05-01,2025,5,14
350640,BILAC,SP,2025-06-01,2025,6,16
350640,BILAC,SP,2025-07-01,2025,7,19
350640,BILAC,SP,2025-08-01,2025,8,22
350640,BILAC,SP,2025-09-01,2025,9,22
350640,BILAC,SP,2025-10-01,2025,10,23
350640,BILAC,SP,2025-11-01,2025,11,15
350640,BILAC,SP,2025-12-01,2025,12,17
350650,BIRIGUI,SP,2025-01-01,2025,1,374
350650,BIRIGUI,SP,2025-02-01,2025,2,352
350650,BIRIGUI,SP,2025-03-01,2025,3,419
350650,BIRIGUI,SP,2025-04-01,2025,4,390
350650,BIRIGUI,SP,2025-05-01,2025,5,424
350650,BIRIGUI,SP,2025-06-01,2025,6,402
350650,BIRIGUI,SP,2025-07-01,2025,7,417
350650,BIRIGUI,SP,2025-08-01,2025,8,417
350650,BIRIGUI,SP,2025-09-01,2025,9,416
350650,BIRIGUI,SP,2025-10-01,2025,10,416
350650,BIRIGUI,SP,2025-11-01,2025,11,416
350650,BIRIGUI,SP,2025-12-01,2025,12,417
350670,BOA ESPERANCA DO SUL,SP,2025-01-01,2025,1,4
350670,BOA ESPERANCA DO SUL,SP,2025-02-01,2025,2,1
350670,BOA ESPERANCA DO SUL,SP,2025-03-01,2025,3,3
350670,BOA ESPERANCA DO SUL,SP,2025-04-01,2025,4,2
350670,BOA ESPERANCA DO SUL,SP,2025-05-01,2025,5,5
350670,BOA ESPERANCA DO SUL,SP,2025-06-01,2025,6,3
350670,BOA ESPERANCA DO SUL,SP,2025-07-01,2025,7,12
350670,BOA ESPERANCA DO SUL,SP,2025-08-01,2025,8,11
350670,BOA ESPERANCA DO SUL,SP,2025-09-01,2025,9,8
350670,BOA ESPERANCA DO SUL,SP,2025-10-01,2025,10,8
350670,BOA ESPERANCA DO SUL,SP,2025-11-01,2025,11,17
350670,BOA ESPERANCA DO SUL,SP,2025-12-01,2025,12,16
350680,BOCAINA,SP,2025-01-01,2025,1,12
350680,BOCAINA,SP,2025-02-01,2025,2,13
350680,BOCAINA,SP,2025-03-01,2025,3,12
350680,BOCAINA,SP,2025-04-01,2025,4,12
350680,BOCAINA,SP,2025-05-01,2025,5,14
350680,BOCAINA,SP,2025-06-01,2025,6,13
350680,BOCAINA,SP,2025-07-01,2025,7,15
350680,BOCAINA,SP,2025-08-01,2025,8,12
350680,BOCAINA,SP,2025-09-01,2025,9,15
350680,BOCAINA,SP,2025-10-01,2025,10,16
350680,BOCAINA,SP,2025-11-01,2025,11,10
350680,BOCAINA,SP,2025-12-01,2025,12,7
350700,BOITUVA,SP,2025-01-01,2025,1,157
350700,BOITUVA,SP,2025-02-01,2025,2,187
350700,BOITUVA,SP,2025-03-01,2025,3,206
350700,BOITUVA,SP,2025-04-01,2025,4,180
350700,BOITUVA,SP,2025-05-01,2025,5,229
350700,BOITUVA,SP,2025-06-01,2025,6,197
350700,BOITUVA,SP,2025-07-01,2025,7,207
350700,BOITUVA,SP,2025-08-01,2025,8,202
350700,BOITUVA,SP,2025-09-01,2025,9,191
350700,BOITUVA,SP,2025-10-01,2025,10,193
350700,BOITUVA,SP,2025-11-01,2025,11,160
350700,BOITUVA,SP,2025-12-01,2025,12,152
350710,BOM JESUS DOS PERDOES,SP,2025-01-01,2025,1,13
350710,BOM JESUS DOS PERDOES,SP,2025-02-01,2025,2,14
350710,BOM JESUS DOS PERDOES,SP,2025-03-01,2025,3,11
350710,BOM JESUS DOS PERDOES,SP,2025-04-01,2025,4,14
350710,BOM JESUS DOS PERDOES,SP,2025-05-01,2025,5,14
350710,BOM JESUS DOS PERDOES,SP,2025-06-01,2025,6,24
350710,BOM JESUS DOS PERDOES,SP,2025-07-01,2025,7,21
350710,BOM JESUS DOS PERDOES,SP,2025-08-01,2025,8,24
350710,BOM JESUS DOS PERDOES,SP,2025-09-01,2025,9,13
350710,BOM JESUS DOS PERDOES,SP,2025-10-01,2025,10,14
350710,BOM JESUS DOS PERDOES,SP,2025-11-01,2025,11,16
350710,BOM JESUS DOS PERDOES,SP,2025-12-01,2025,12,18
350740,BORBOREMA,SP,2025-01-01,2025,1,60
350740,BORBOREMA,SP,2025-02-01,2025,2,68
350740,BORBOREMA,SP,2025-03-01,2025,3,74
350740,BORBOREMA,SP,2025-04-01,2025,4,83
350740,BORBOREMA,SP,2025-05-01,2025,5,66
350740,BORBOREMA,SP,2025-06-01,2025,6,73
350740,BORBOREMA,SP,2025-07-01,2025,7,64
350740,BORBOREMA,SP,2025-08-01,2025,8,76
350740,BORBOREMA,SP,2025-09-01,2025,9,75
350740,BORBOREMA,SP,2025-10-01,2025,10,66
350740,BORBOREMA,SP,2025-11-01,2025,11,83
350740,BORBOREMA,SP,2025-12-01,2025,12,90
350750,BOTUCATU,SP,2025-01-01,2025,1,2360
350750,BOTUCATU,SP,2025-02-01,2025,2,2300
350750,BOTUCATU,SP,2025-03-01,2025,3,2371
350750,BOTUCATU,SP,2025-04-01,2025,4,2164
350750,BOTUCATU,SP,2025-05-01,2025,5,2773
350750,BOTUCATU,SP,2025-06-01,2025,6,2423
350750,BOTUCATU,SP,2025-07-01,2025,7,2518
350750,BOTUCATU,SP,2025-08-01,2025,8,2641
350750,BOTUCATU,SP,2025-09-01,2025,9,2532
350750,BOTUCATU,SP,2025-10-01,2025,10,2651
350750,BOTUCATU,SP,2025-11-01,2025,11,2629
350750,BOTUCATU,SP,2025-12-01,2025,12,2437
350760,BRAGANCA PAULISTA,SP,2025-01-01,2025,1,1587
350760,BRAGANCA PAULISTA,SP,2025-02-01,2025,2,1515
350760,BRAGANCA PAULISTA,SP,2025-03-01,2025,3,1590
350760,BRAGANCA PAULISTA,SP,2025-04-01,2025,4,1507
350760,BRAGANCA PAULISTA,SP,2025-05-01,2025,5,1616
350760,BRAGANCA PAULISTA,SP,2025-06-01,2025,6,1473
350760,BRAGANCA PAULISTA,SP,2025-07-01,2025,7,1656
350760,BRAGANCA PAULISTA,SP,2025-08-01,2025,8,1576
350760,BRAGANCA PAULISTA,SP,2025-09-01,2025,9,1635
350760,BRAGANCA PAULISTA,SP,2025-10-01,2025,10,1522
350760,BRAGANCA PAULISTA,SP,2025-11-01,2025,11,1449
350760,BRAGANCA PAULISTA,SP,2025-12-01,2025,12,1310
350790,BROTAS,SP,2025-01-01,2025,1,47
350790,BROTAS,SP,2025-02-01,2025,2,62
350790,BROTAS,SP,2025-03-01,2025,3,64
350790,BROTAS,SP,2025-04-01,2025,4,78
350790,BROTAS,SP,2025-05-01,2025,5,84
350790,BROTAS,SP,2025-06-01,2025,6,80
350790,BROTAS,SP,2025-07-01,2025,7,71
350790,BROTAS,SP,2025-08-01,2025,8,64
350790,BROTAS,SP,2025-09-01,2025,9,56
350790,BROTAS,SP,2025-10-01,2025,10,49
350790,BROTAS,SP,2025-11-01,2025,11,43
350790,BROTAS,SP,2025-12-01,2025,12,52
350810,BURITAMA,SP,2025-01-01,2025,1,69
350810,BURITAMA,SP,2025-02-01,2025,2,100
350810,BURITAMA,SP,2025-03-01,2025,3,99
350810,BURITAMA,SP,2025-04-01,2025,4,105
350810,BURITAMA,SP,2025-05-01,2025,5,116
350810,BURITAMA,SP,2025-06-01,2025,6,101
350810,BURITAMA,SP,2025-07-01,2025,7,115
350810,BURITAMA,SP,2025-08-01,2025,8,134
350810,BURITAMA,SP,2025-09-01,2025,9,119
350810,BURITAMA,SP,2025-10-01,2025,10,152
350810,BURITAMA,SP,2025-11-01,2025,11,109
350810,BURITAMA,SP,2025-12-01,2025,12,120
350840,CABREUVA,SP,2025-01-01,2025,1,67
350840,CABREUVA,SP,2025-02-01,2025,2,64
350840,CABREUVA,SP,2025-03-01,2025,3,74
350840,CABREUVA,SP,2025-04-01,2025,4,57
350840,CABREUVA,SP,2025-05-01,2025,5,0
350840,CABREUVA,SP,2025-06-01,2025,6,93
350840,CABREUVA,SP,2025-07-01,2025,7,64
350840,CABREUVA,SP,2025-08-01,2025,8,29
350840,CABREUVA,SP,2025-09-01,2025,9,30
350840,CABREUVA,SP,2025-10-01,2025,10,0
350840,CABREUVA,SP,2025-11-01,2025,11,94
350840,CABREUVA,SP,2025-12-01,2025,12,233
350850,CACAPAVA,SP,2025-01-01,2025,1,299
350850,CACAPAVA,SP,2025-02-01,2025,2,142
350850,CACAPAVA,SP,2025-03-01,2025,3,198
350850,CACAPAVA,SP,2025-04-01,2025,4,131
350850,CACAPAVA,SP,2025-05-01,2025,5,59
350850,CACAPAVA,SP,2025-06-01,2025,6,293
350850,CACAPAVA,SP,2025-07-01,2025,7,305
350850,CACAPAVA,SP,2025-08-01,2025,8,549
350850,CACAPAVA,SP,2025-09-01,2025,9,386
350850,CACAPAVA,SP,2025-10-01,2025,10,300
350850,CACAPAVA,SP,2025-11-01,2025,11,325
350850,CACAPAVA,SP,2025-12-01,2025,12,266
350870,CACONDE,SP,2025-01-01,2025,1,87
350870,CACONDE,SP,2025-02-01,2025,2,101
350870,CACONDE,SP,2025-03-01,2025,3,143
350870,CACONDE,SP,2025-04-01,2025,4,154
350870,CACONDE,SP,2025-05-01,2025,5,205
350870,CACONDE,SP,2025-06-01,2025,6,109
350870,CACONDE,SP,2025-07-01,2025,7,186
350870,CACONDE,SP,2025-08-01,2025,8,177
350870,CACONDE,SP,2025-09-01,2025,9,188
350870,CACONDE,SP,2025-10-01,2025,10,165
350870,CACONDE,SP,2025-11-01,2025,11,173
350870,CACONDE,SP,2025-12-01,2025,12,124
350880,CAFELANDIA,SP,2025-01-01,2025,1,99
350880,CAFELANDIA,SP,2025-02-01,2025,2,98
350880,CAFELANDIA,SP,2025-03-01,2025,3,95
350880,CAFELANDIA,SP,2025-04-01,2025,4,103
350880,CAFELANDIA,SP,2025-05-01,2025,5,94
350880,CAFELANDIA,SP,2025-06-01,2025,6,89
350880,CAFELANDIA,SP,2025-07-01,2025,7,95
350880,CAFELANDIA,SP,2025-08-01,2025,8,88
350880,CAFELANDIA,SP,2025-09-01,2025,9,71
350880,CAFELANDIA,SP,2025-10-01,2025,10,60
350880,CAFELANDIA,SP,2025-11-01,2025,11,78
350880,CAFELANDIA,SP,2025-12-01,2025,12,65
350900,CAIEIRAS,SP,2025-01-01,2025,1,264
350900,CAIEIRAS,SP,2025-02-01,2025,2,435
350900,CAIEIRAS,SP,2025-03-01,2025,3,416
350900,CAIEIRAS,SP,2025-04-01,2025,4,396
350900,CAIEIRAS,SP,2025-05-01,2025,5,409
350900,CAIEIRAS,SP,2025-06-01,2025,6,358
350900,CAIEIRAS,SP,2025-07-01,2025,7,426
350900,CAIEIRAS,SP,2025-08-01,2025,8,438
350900,CAIEIRAS,SP,2025-09-01,2025,9,389
350900,CAIEIRAS,SP,2025-10-01,2025,10,402
350900,CAIEIRAS,SP,2025-11-01,2025,11,361
350900,CAIEIRAS,SP,2025-12-01,2025,12,419
350920,CAJAMAR,SP,2025-01-01,2025,1,230
350920,CAJAMAR,SP,2025-02-01,2025,2,297
350920,CAJAMAR,SP,2025-03-01,2025,3,330
350920,CAJAMAR,SP,2025-04-01,2025,4,283
350920,CAJAMAR,SP,2025-05-01,2025,5,348
350920,CAJAMAR,SP,2025-06-01,2025,6,303
350920,CAJAMAR,SP,2025-07-01,2025,7,233
350920,CAJAMAR,SP,2025-08-01,2025,8,256
350920,CAJAMAR,SP,2025-09-01,2025,9,304
350920,CAJAMAR,SP,2025-10-01,2025,10,250
350920,CAJAMAR,SP,2025-11-01,2025,11,300
350920,CAJAMAR,SP,2025-12-01,2025,12,306
350930,CAJOBI,SP,2025-01-01,2025,1,35
350930,CAJOBI,SP,2025-02-01,2025,2,54
350930,CAJOBI,SP,2025-03-01,2025,3,59
350930,CAJOBI,SP,2025-04-01,2025,4,35
350930,CAJOBI,SP,2025-05-01,2025,5,63
350930,CAJOBI,SP,2025-06-01,2025,6,63
350930,CAJOBI,SP,2025-07-01,2025,7,49
350930,CAJOBI,SP,2025-08-01,2025,8,50
350930,CAJOBI,SP,2025-09-01,2025,9,47
350930,CAJOBI,SP,2025-10-01,2025,10,42
350930,CAJOBI,SP,2025-11-01,2025,11,31
350930,CAJOBI,SP,2025-12-01,2025,12,28
350940,CAJURU,SP,2025-01-01,2025,1,310
350940,CAJURU,SP,2025-02-01,2025,2,330
350940,CAJURU,SP,2025-03-01,2025,3,297
350940,CAJURU,SP,2025-04-01,2025,4,297
350940,CAJURU,SP,2025-05-01,2025,5,323
350940,CAJURU,SP,2025-06-01,2025,6,301
350940,CAJURU,SP,2025-07-01,2025,7,290
350940,CAJURU,SP,2025-08-01,2025,8,300
350940,CAJURU,SP,2025-09-01,2025,9,274
350940,CAJURU,SP,2025-10-01,2025,10,278
350940,CAJURU,SP,2025-11-01,2025,11,250
350940,CAJURU,SP,2025-12-01,2025,12,249
350950,CAMPINAS,SP,2025-01-01,2025,1,7606
350950,CAMPINAS,SP,2025-02-01,2025,2,7391
350950,CAMPINAS,SP,2025-03-01,2025,3,6941
350950,CAMPINAS,SP,2025-04-01,2025,4,7103
350950,CAMPINAS,SP,2025-05-01,2025,5,8053
350950,CAMPINAS,SP,2025-06-01,2025,6,7098
350950,CAMPINAS,SP,2025-07-01,2025,7,7881
350950,CAMPINAS,SP,2025-08-01,2025,8,7375
350950,CAMPINAS,SP,2025-09-01,2025,9,7786
350950,CAMPINAS,SP,2025-10-01,2025,10,7808
350950,CAMPINAS,SP,2025-11-01,2025,11,7442
350950,CAMPINAS,SP,2025-12-01,2025,12,6507
350960,CAMPO LIMPO PAULISTA,SP,2025-01-01,2025,1,368
350960,CAMPO LIMPO PAULISTA,SP,2025-02-01,2025,2,355
350960,CAMPO LIMPO PAULISTA,SP,2025-03-01,2025,3,406
350960,CAMPO LIMPO PAULISTA,SP,2025-04-01,2025,4,363
350960,CAMPO LIMPO PAULISTA,SP,2025-05-01,2025,5,369
350960,CAMPO LIMPO PAULISTA,SP,2025-06-01,2025,6,291
350960,CAMPO LIMPO PAULISTA,SP,2025-07-01,2025,7,362
350960,CAMPO LIMPO PAULISTA,SP,2025-08-01,2025,8,307
350960,CAMPO LIMPO PAULISTA,SP,2025-09-01,2025,9,317
350960,CAMPO LIMPO PAULISTA,SP,2025-10-01,2025,10,344
350960,CAMPO LIMPO PAULISTA,SP,2025-11-01,2025,11,300
350960,CAMPO LIMPO PAULISTA,SP,2025-12-01,2025,12,353
350970,CAMPOS DO JORDAO,SP,2025-01-01,2025,1,227
350970,CAMPOS DO JORDAO,SP,2025-02-01,2025,2,238
350970,CAMPOS DO JORDAO,SP,2025-03-01,2025,3,264
350970,CAMPOS DO JORDAO,SP,2025-04-01,2025,4,230
350970,CAMPOS DO JORDAO,SP,2025-05-01,2025,5,224
350970,CAMPOS DO JORDAO,SP,2025-06-01,2025,6,223
350970,CAMPOS DO JORDAO,SP,2025-07-01,2025,7,240
350970,CAMPOS DO JORDAO,SP,2025-08-01,2025,8,252
350970,CAMPOS DO JORDAO,SP,2025-09-01,2025,9,212
350970,CAMPOS DO JORDAO,SP,2025-10-01,2025,10,236
350970,CAMPOS DO JORDAO,SP,2025-11-01,2025,11,235
350970,CAMPOS DO JORDAO,SP,2025-12-01,2025,12,214
351000,CANDIDO MOTA,SP,2025-01-01,2025,1,159
351000,CANDIDO MOTA,SP,2025-02-01,2025,2,198
351000,CANDIDO MOTA,SP,2025-03-01,2025,3,213
351000,CANDIDO MOTA,SP,2025-04-01,2025,4,190
351000,CANDIDO MOTA,SP,2025-05-01,2025,5,197
351000,CANDIDO MOTA,SP,2025-06-01,2025,6,204
351000,CANDIDO MOTA,SP,2025-07-01,2025,7,232
351000,CANDIDO MOTA,SP,2025-08-01,2025,8,167
351000,CANDIDO MOTA,SP,2025-09-01,2025,9,259
351000,CANDIDO MOTA,SP,2025-10-01,2025,10,201
351000,CANDIDO MOTA,SP,2025-11-01,2025,11,172
351000,CANDIDO MOTA,SP,2025-12-01,2025,12,173
351020,CAPAO BONITO,SP,2025-01-01,2025,1,186
351020,CAPAO BONITO,SP,2025-02-01,2025,2,197
351020,CAPAO BONITO,SP,2025-03-01,2025,3,235
351020,CAPAO BONITO,SP,2025-04-01,2025,4,233
351020,CAPAO BONITO,SP,2025-05-01,2025,5,247
351020,CAPAO BONITO,SP,2025-06-01,2025,6,270
351020,CAPAO BONITO,SP,2025-07-01,2025,7,260
351020,CAPAO BONITO,SP,2025-08-01,2025,8,234
351020,CAPAO BONITO,SP,2025-09-01,2025,9,249
351020,CAPAO BONITO,SP,2025-10-01,2025,10,258
351020,CAPAO BONITO,SP,2025-11-01,2025,11,229
351020,CAPAO BONITO,SP,2025-12-01,2025,12,267
351040,CAPIVARI,SP,2025-01-01,2025,1,221
351040,CAPIVARI,SP,2025-02-01,2025,2,151
351040,CAPIVARI,SP,2025-03-01,2025,3,266
351040,CAPIVARI,SP,2025-04-01,2025,4,254
351040,CAPIVARI,SP,2025-05-01,2025,5,190
351040,CAPIVARI,SP,2025-06-01,2025,6,185
351040,CAPIVARI,SP,2025-07-01,2025,7,234
351040,CAPIVARI,SP,2025-08-01,2025,8,264
351040,CAPIVARI,SP,2025-09-01,2025,9,223
351040,CAPIVARI,SP,2025-10-01,2025,10,316
351040,CAPIVARI,SP,2025-11-01,2025,11,186
351040,CAPIVARI,SP,2025-12-01,2025,12,206
351050,CARAGUATATUBA,SP,2025-01-01,2025,1,1841
351050,CARAGUATATUBA,SP,2025-02-01,2025,2,1777
351050,CARAGUATATUBA,SP,2025-03-01,2025,3,1951
351050,CARAGUATATUBA,SP,2025-04-01,2025,4,1916
351050,CARAGUATATUBA,SP,2025-05-01,2025,5,2031
351050,CARAGUATATUBA,SP,2025-06-01,2025,6,1918
351050,CARAGUATATUBA,SP,2025-07-01,2025,7,1879
351050,CARAGUATATUBA,SP,2025-08-01,2025,8,2106
351050,CARAGUATATUBA,SP,2025-09-01,2025,9,1874
351050,CARAGUATATUBA,SP,2025-10-01,2025,10,2170
351050,CARAGUATATUBA,SP,2025-11-01,2025,11,1973
351050,CARAGUATATUBA,SP,2025-12-01,2025,12,1788
351060,CARAPICUIBA,SP,2025-01-01,2025,1,1518
351060,CARAPICUIBA,SP,2025-02-01,2025,2,1566
351060,CARAPICUIBA,SP,2025-03-01,2025,3,1636
351060,CARAPICUIBA,SP,2025-04-01,2025,4,1585
351060,CARAPICUIBA,SP,2025-05-01,2025,5,1585
351060,CARAPICUIBA,SP,2025-06-01,2025,6,1453
351060,CARAPICUIBA,SP,2025-07-01,2025,7,1486
351060,CARAPICUIBA,SP,2025-08-01,2025,8,1382
351060,CARAPICUIBA,SP,2025-09-01,2025,9,791
351060,CARAPICUIBA,SP,2025-10-01,2025,10,1667
351060,CARAPICUIBA,SP,2025-11-01,2025,11,1325
351060,CARAPICUIBA,SP,2025-12-01,2025,12,1456
351070,CARDOSO,SP,2025-01-01,2025,1,29
351070,CARDOSO,SP,2025-02-01,2025,2,58
351070,CARDOSO,SP,2025-03-01,2025,3,49
351070,CARDOSO,SP,2025-04-01,2025,4,39
351070,CARDOSO,SP,2025-05-01,2025,5,56
351070,CARDOSO,SP,2025-06-01,2025,6,44
351070,CARDOSO,SP,2025-07-01,2025,7,37
351070,CARDOSO,SP,2025-08-01,2025,8,30
351070,CARDOSO,SP,2025-09-01,2025,9,46
351070,CARDOSO,SP,2025-10-01,2025,10,35
351070,CARDOSO,SP,2025-11-01,2025,11,39
351070,CARDOSO,SP,2025-12-01,2025,12,32
351080,CASA BRANCA,SP,2025-01-01,2025,1,163
351080,CASA BRANCA,SP,2025-02-01,2025,2,128
351080,CASA BRANCA,SP,2025-03-01,2025,3,199
351080,CASA BRANCA,SP,2025-04-01,2025,4,211
351080,CASA BRANCA,SP,2025-05-01,2025,5,201
351080,CASA BRANCA,SP,2025-06-01,2025,6,200
351080,CASA BRANCA,SP,2025-07-01,2025,7,230
351080,CASA BRANCA,SP,2025-08-01,2025,8,197
351080,CASA BRANCA,SP,2025-09-01,2025,9,189
351080,CASA BRANCA,SP,2025-10-01,2025,10,226
351080,CASA BRANCA,SP,2025-11-01,2025,11,190
351080,CASA BRANCA,SP,2025-12-01,2025,12,211
351100,CASTILHO,SP,2025-01-01,2025,1,108
351100,CASTILHO,SP,2025-02-01,2025,2,104
351100,CASTILHO,SP,2025-03-01,2025,3,109
351100,CASTILHO,SP,2025-04-01,2025,4,99
351100,CASTILHO,SP,2025-05-01,2025,5,110
351100,CASTILHO,SP,2025-06-01,2025,6,95
351100,CASTILHO,SP,2025-07-01,2025,7,78
351100,CASTILHO,SP,2025-08-01,2025,8,122
351100,CASTILHO,SP,2025-09-01,2025,9,92
351100,CASTILHO,SP,2025-10-01,2025,10,121
351100,CASTILHO,SP,2025-11-01,2025,11,84
351100,CASTILHO,SP,2025-12-01,2025,12,75
351110,CATANDUVA,SP,2025-01-01,2025,1,1277
351110,CATANDUVA,SP,2025-02-01,2025,2,1532
351110,CATANDUVA,SP,2025-03-01,2025,3,1785
351110,CATANDUVA,SP,2025-04-01,2025,4,1554
351110,CATANDUVA,SP,2025-05-01,2025,5,1566
351110,CATANDUVA,SP,2025-06-01,2025,6,1539
351110,CATANDUVA,SP,2025-07-01,2025,7,1576
351110,CATANDUVA,SP,2025-08-01,2025,8,1514
351110,CATANDUVA,SP,2025-09-01,2025,9,1635
351110,CATANDUVA,SP,2025-10-01,2025,10,1579
351110,CATANDUVA,SP,2025-11-01,2025,11,1259
351110,CATANDUVA,SP,2025-12-01,2025,12,1647
351140,CERQUEIRA CESAR,SP,2025-01-01,2025,1,124
351140,CERQUEIRA CESAR,SP,2025-02-01,2025,2,131
351140,CERQUEIRA CESAR,SP,2025-03-01,2025,3,158
351140,CERQUEIRA CESAR,SP,2025-04-01,2025,4,163
351140,CERQUEIRA CESAR,SP,2025-05-01,2025,5,143
351140,CERQUEIRA CESAR,SP,2025-06-01,2025,6,166
351140,CERQUEIRA CESAR,SP,2025-07-01,2025,7,149
351140,CERQUEIRA CESAR,SP,2025-08-01,2025,8,132
351140,CERQUEIRA CESAR,SP,2025-09-01,2025,9,127
351140,CERQUEIRA CESAR,SP,2025-10-01,2025,10,147
351140,CERQUEIRA CESAR,SP,2025-11-01,2025,11,106
351140,CERQUEIRA CESAR,SP,2025-12-01,2025,12,126
351150,CERQUILHO,SP,2025-01-01,2025,1,50
351150,CERQUILHO,SP,2025-02-01,2025,2,50
351150,CERQUILHO,SP,2025-03-01,2025,3,62
351150,CERQUILHO,SP,2025-04-01,2025,4,33
351150,CERQUILHO,SP,2025-05-01,2025,5,47
351150,CERQUILHO,SP,2025-06-01,2025,6,138
351150,CERQUILHO,SP,2025-07-01,2025,7,28
351150,CERQUILHO,SP,2025-08-01,2025,8,69
351150,CERQUILHO,SP,2025-09-01,2025,9,90
351150,CERQUILHO,SP,2025-10-01,2025,10,51
351150,CERQUILHO,SP,2025-11-01,2025,11,151
351150,CERQUILHO,SP,2025-12-01,2025,12,99
351160,CESARIO LANGE,SP,2025-01-01,2025,1,28
351160,CESARIO LANGE,SP,2025-02-01,2025,2,48
351160,CESARIO LANGE,SP,2025-03-01,2025,3,27
351160,CESARIO LANGE,SP,2025-04-01,2025,4,27
351160,CESARIO LANGE,SP,2025-05-01,2025,5,54
351160,CESARIO LANGE,SP,2025-06-01,2025,6,58
351160,CESARIO LANGE,SP,2025-07-01,2025,7,45
351160,CESARIO LANGE,SP,2025-08-01,2025,8,42
351160,CESARIO LANGE,SP,2025-09-01,2025,9,46
351160,CESARIO LANGE,SP,2025-10-01,2025,10,50
351160,CESARIO LANGE,SP,2025-11-01,2025,11,55
351160,CESARIO LANGE,SP,2025-12-01,2025,12,44
351170,CHARQUEADA,SP,2025-01-01,2025,1,22
351170,CHARQUEADA,SP,2025-02-01,2025,2,19
351170,CHARQUEADA,SP,2025-03-01,2025,3,24
351170,CHARQUEADA,SP,2025-04-01,2025,4,17
351170,CHARQUEADA,SP,2025-05-01,2025,5,27
351170,CHARQUEADA,SP,2025-06-01,2025,6,27
351170,CHARQUEADA,SP,2025-07-01,2025,7,36
351170,CHARQUEADA,SP,2025-08-01,2025,8,27
351170,CHARQUEADA,SP,2025-09-01,2025,9,26
351170,CHARQUEADA,SP,2025-10-01,2025,10,18
351170,CHARQUEADA,SP,2025-11-01,2025,11,27
351170,CHARQUEADA,SP,2025-12-01,2025,12,23
351190,CLEMENTINA,SP,2025-01-01,2025,1,27
351190,CLEMENTINA,SP,2025-02-01,2025,2,31
351190,CLEMENTINA,SP,2025-03-01,2025,3,22
351190,CLEMENTINA,SP,2025-04-01,2025,4,21
351190,CLEMENTINA,SP,2025-05-01,2025,5,39
351190,CLEMENTINA,SP,2025-06-01,2025,6,34
351190,CLEMENTINA,SP,2025-07-01,2025,7,25
351190,CLEMENTINA,SP,2025-08-01,2025,8,14
351190,CLEMENTINA,SP,2025-09-01,2025,9,24
351190,CLEMENTINA,SP,2025-10-01,2025,10,27
351190,CLEMENTINA,SP,2025-11-01,2025,11,16
351190,CLEMENTINA,SP,2025-12-01,2025,12,14
351200,COLINA,SP,2025-01-01,2025,1,76
351200,COLINA,SP,2025-02-01,2025,2,89
351200,COLINA,SP,2025-03-01,2025,3,92
351200,COLINA,SP,2025-04-01,2025,4,98
351200,COLINA,SP,2025-05-01,2025,5,102
351200,COLINA,SP,2025-06-01,2025,6,83
351200,COLINA,SP,2025-07-01,2025,7,97
351200,COLINA,SP,2025-08-01,2025,8,84
351200,COLINA,SP,2025-09-01,2025,9,88
351200,COLINA,SP,2025-10-01,2025,10,114
351200,COLINA,SP,2025-11-01,2025,11,72
351200,COLINA,SP,2025-12-01,2025,12,81
351210,COLOMBIA,SP,2025-01-01,2025,1,4
351210,COLOMBIA,SP,2025-02-01,2025,2,2
351210,COLOMBIA,SP,2025-03-01,2025,3,2
351210,COLOMBIA,SP,2025-04-01,2025,4,3
351210,COLOMBIA,SP,2025-05-01,2025,5,2
351210,COLOMBIA,SP,2025-06-01,2025,6,0
351210,COLOMBIA,SP,2025-07-01,2025,7,6
351210,COLOMBIA,SP,2025-08-01,2025,8,3
351210,COLOMBIA,SP,2025-09-01,2025,9,3
351210,COLOMBIA,SP,2025-10-01,2025,10,1
351210,COLOMBIA,SP,2025-11-01,2025,11,6
351210,COLOMBIA,SP,2025-12-01,2025,12,3
351220,CONCHAL,SP,2025-01-01,2025,1,130
351220,CONCHAL,SP,2025-02-01,2025,2,155
351220,CONCHAL,SP,2025-03-01,2025,3,179
351220,CONCHAL,SP,2025-04-01,2025,4,198
351220,CONCHAL,SP,2025-05-01,2025,5,202
351220,CONCHAL,SP,2025-06-01,2025,6,207
351220,CONCHAL,SP,2025-07-01,2025,7,192
351220,CONCHAL,SP,2025-08-01,2025,8,218
351220,CONCHAL,SP,2025-09-01,2025,9,185
351220,CONCHAL,SP,2025-10-01,2025,10,318
351220,CONCHAL,SP,2025-11-01,2025,11,333
351220,CONCHAL,SP,2025-12-01,2025,12,233
351230,CONCHAS,SP,2025-01-01,2025,1,43
351230,CONCHAS,SP,2025-02-01,2025,2,54
351230,CONCHAS,SP,2025-03-01,2025,3,54
351230,CONCHAS,SP,2025-04-01,2025,4,32
351230,CONCHAS,SP,2025-05-01,2025,5,24
351230,CONCHAS,SP,2025-06-01,2025,6,32
351230,CONCHAS,SP,2025-07-01,2025,7,36
351230,CONCHAS,SP,2025-08-01,2025,8,24
351230,CONCHAS,SP,2025-09-01,2025,9,24
351230,CONCHAS,SP,2025-10-01,2025,10,21
351230,CONCHAS,SP,2025-11-01,2025,11,20
351230,CONCHAS,SP,2025-12-01,2025,12,16
351280,COSMOPOLIS,SP,2025-01-01,2025,1,144
351280,COSMOPOLIS,SP,2025-02-01,2025,2,125
351280,COSMOPOLIS,SP,2025-03-01,2025,3,146
351280,COSMOPOLIS,SP,2025-04-01,2025,4,159
351280,COSMOPOLIS,SP,2025-05-01,2025,5,148
351280,COSMOPOLIS,SP,2025-06-01,2025,6,153
351280,COSMOPOLIS,SP,2025-07-01,2025,7,138
351280,COSMOPOLIS,SP,2025-08-01,2025,8,179
351280,COSMOPOLIS,SP,2025-09-01,2025,9,152
351280,COSMOPOLIS,SP,2025-10-01,2025,10,140
351280,COSMOPOLIS,SP,2025-11-01,2025,11,160
351280,COSMOPOLIS,SP,2025-12-01,2025,12,154
351300,COTIA,SP,2025-01-01,2025,1,1135
351300,COTIA,SP,2025-02-01,2025,2,1090
351300,COTIA,SP,2025-03-01,2025,3,1158
351300,COTIA,SP,2025-04-01,2025,4,1110
351300,COTIA,SP,2025-05-01,2025,5,1212
351300,COTIA,SP,2025-06-01,2025,6,1187
351300,COTIA,SP,2025-07-01,2025,7,1104
351300,COTIA,SP,2025-08-01,2025,8,1187
351300,COTIA,SP,2025-09-01,2025,9,768
351300,COTIA,SP,2025-10-01,2025,10,1413
351300,COTIA,SP,2025-11-01,2025,11,1025
351300,COTIA,SP,2025-12-01,2025,12,1195
351310,CRAVINHOS,SP,2025-01-01,2025,1,32
351310,CRAVINHOS,SP,2025-02-01,2025,2,26
351310,CRAVINHOS,SP,2025-03-01,2025,3,26
351310,CRAVINHOS,SP,2025-04-01,2025,4,38
351310,CRAVINHOS,SP,2025-05-01,2025,5,38
351310,CRAVINHOS,SP,2025-06-01,2025,6,31
351310,CRAVINHOS,SP,2025-07-01,2025,7,33
351310,CRAVINHOS,SP,2025-08-01,2025,8,30
351310,CRAVINHOS,SP,2025-09-01,2025,9,36
351310,CRAVINHOS,SP,2025-10-01,2025,10,32
351310,CRAVINHOS,SP,2025-11-01,2025,11,19
351310,CRAVINHOS,SP,2025-12-01,2025,12,15
351340,CRUZEIRO,SP,2025-01-01,2025,1,425
351340,CRUZEIRO,SP,2025-02-01,2025,2,457
351340,CRUZEIRO,SP,2025-03-01,2025,3,488
351340,CRUZEIRO,SP,2025-04-01,2025,4,512
351340,CRUZEIRO,SP,2025-05-01,2025,5,524
351340,CRUZEIRO,SP,2025-06-01,2025,6,530
351340,CRUZEIRO,SP,2025-07-01,2025,7,454
351340,CRUZEIRO,SP,2025-08-01,2025,8,485
351340,CRUZEIRO,SP,2025-09-01,2025,9,443
351340,CRUZEIRO,SP,2025-10-01,2025,10,482
351340,CRUZEIRO,SP,2025-11-01,2025,11,457
351340,CRUZEIRO,SP,2025-12-01,2025,12,499
351350,CUBATAO,SP,2025-01-01,2025,1,520
351350,CUBATAO,SP,2025-02-01,2025,2,459
351350,CUBATAO,SP,2025-03-01,2025,3,529
351350,CUBATAO,SP,2025-04-01,2025,4,507
351350,CUBATAO,SP,2025-05-01,2025,5,578
351350,CUBATAO,SP,2025-06-01,2025,6,576
351350,CUBATAO,SP,2025-07-01,2025,7,558
351350,CUBATAO,SP,2025-08-01,2025,8,539
351350,CUBATAO,SP,2025-09-01,2025,9,565
351350,CUBATAO,SP,2025-10-01,2025,10,575
351350,CUBATAO,SP,2025-11-01,2025,11,547
351350,CUBATAO,SP,2025-12-01,2025,12,583
351360,CUNHA,SP,2025-01-01,2025,1,112
351360,CUNHA,SP,2025-02-01,2025,2,123
351360,CUNHA,SP,2025-03-01,2025,3,105
351360,CUNHA,SP,2025-04-01,2025,4,118
351360,CUNHA,SP,2025-05-01,2025,5,125
351360,CUNHA,SP,2025-06-01,2025,6,140
351360,CUNHA,SP,2025-07-01,2025,7,122
351360,CUNHA,SP,2025-08-01,2025,8,116
351360,CUNHA,SP,2025-09-01,2025,9,110
351360,CUNHA,SP,2025-10-01,2025,10,129
351360,CUNHA,SP,2025-11-01,2025,11,105
351360,CUNHA,SP,2025-12-01,2025,12,119
351370,DESCALVADO,SP,2025-01-01,2025,1,142
351370,DESCALVADO,SP,2025-02-01,2025,2,166
351370,DESCALVADO,SP,2025-03-01,2025,3,192
351370,DESCALVADO,SP,2025-04-01,2025,4,145
351370,DESCALVADO,SP,2025-05-01,2025,5,159
351370,DESCALVADO,SP,2025-06-01,2025,6,127
351370,DESCALVADO,SP,2025-07-01,2025,7,154
351370,DESCALVADO,SP,2025-08-01,2025,8,122
351370,DESCALVADO,SP,2025-09-01,2025,9,183
351370,DESCALVADO,SP,2025-10-01,2025,10,145
351370,DESCALVADO,SP,2025-11-01,2025,11,150
351370,DESCALVADO,SP,2025-12-01,2025,12,147
351380,DIADEMA,SP,2025-01-01,2025,1,1746
351380,DIADEMA,SP,2025-02-01,2025,2,1874
351380,DIADEMA,SP,2025-03-01,2025,3,1894
351380,DIADEMA,SP,2025-04-01,2025,4,1795
351380,DIADEMA,SP,2025-05-01,2025,5,1900
351380,DIADEMA,SP,2025-06-01,2025,6,1951
351380,DIADEMA,SP,2025-07-01,2025,7,2029
351380,DIADEMA,SP,2025-08-01,2025,8,2189
351380,DIADEMA,SP,2025-09-01,2025,9,1891
351380,DIADEMA,SP,2025-10-01,2025,10,1870
351380,DIADEMA,SP,2025-11-01,2025,11,1790
351380,DIADEMA,SP,2025-12-01,2025,12,1863
351390,DIVINOLANDIA,SP,2025-01-01,2025,1,384
351390,DIVINOLANDIA,SP,2025-02-01,2025,2,368
351390,DIVINOLANDIA,SP,2025-03-01,2025,3,397
351390,DIVINOLANDIA,SP,2025-04-01,2025,4,435
351390,DIVINOLANDIA,SP,2025-05-01,2025,5,443
351390,DIVINOLANDIA,SP,2025-06-01,2025,6,398
351390,DIVINOLANDIA,SP,2025-07-01,2025,7,466
351390,DIVINOLANDIA,SP,2025-08-01,2025,8,422
351390,DIVINOLANDIA,SP,2025-09-01,2025,9,379
351390,DIVINOLANDIA,SP,2025-10-01,2025,10,429
351390,DIVINOLANDIA,SP,2025-11-01,2025,11,370
351390,DIVINOLANDIA,SP,2025-12-01,2025,12,264
351410,DOIS CORREGOS,SP,2025-01-01,2025,1,61
351410,DOIS CORREGOS,SP,2025-02-01,2025,2,75
351410,DOIS CORREGOS,SP,2025-03-01,2025,3,96
351410,DOIS CORREGOS,SP,2025-04-01,2025,4,89
351410,DOIS CORREGOS,SP,2025-05-01,2025,5,112
351410,DOIS CORREGOS,SP,2025-06-01,2025,6,110
351410,DOIS CORREGOS,SP,2025-07-01,2025,7,130
351410,DOIS CORREGOS,SP,2025-08-01,2025,8,125
351410,DOIS CORREGOS,SP,2025-09-01,2025,9,108
351410,DOIS CORREGOS,SP,2025-10-01,2025,10,79
351410,DOIS CORREGOS,SP,2025-11-01,2025,11,105
351410,DOIS CORREGOS,SP,2025-12-01,2025,12,119
351440,DRACENA,SP,2025-01-01,2025,1,316
351440,DRACENA,SP,2025-02-01,2025,2,240
351440,DRACENA,SP,2025-03-01,2025,3,269
351440,DRACENA,SP,2025-04-01,2025,4,290
351440,DRACENA,SP,2025-05-01,2025,5,339
351440,DRACENA,SP,2025-06-01,2025,6,290
351440,DRACENA,SP,2025-07-01,2025,7,290
351440,DRACENA,SP,2025-08-01,2025,8,252
351440,DRACENA,SP,2025-09-01,2025,9,277
351440,DRACENA,SP,2025-10-01,2025,10,250
351440,DRACENA,SP,2025-11-01,2025,11,264
351440,DRACENA,SP,2025-12-01,2025,12,281
351450,DUARTINA,SP,2025-01-01,2025,1,271
351450,DUARTINA,SP,2025-02-01,2025,2,116
351450,DUARTINA,SP,2025-03-01,2025,3,152
351450,DUARTINA,SP,2025-04-01,2025,4,137
351450,DUARTINA,SP,2025-05-01,2025,5,162
351450,DUARTINA,SP,2025-06-01,2025,6,128
351450,DUARTINA,SP,2025-07-01,2025,7,142
351450,DUARTINA,SP,2025-08-01,2025,8,152
351450,DUARTINA,SP,2025-09-01,2025,9,121
351450,DUARTINA,SP,2025-10-01,2025,10,136
351450,DUARTINA,SP,2025-11-01,2025,11,106
351450,DUARTINA,SP,2025-12-01,2025,12,133
351500,EMBU DAS ARTES,SP,2025-01-01,2025,1,239
351500,EMBU DAS ARTES,SP,2025-02-01,2025,2,216
351500,EMBU DAS ARTES,SP,2025-03-01,2025,3,262
351500,EMBU DAS ARTES,SP,2025-04-01,2025,4,318
351500,EMBU DAS ARTES,SP,2025-05-01,2025,5,178
351500,EMBU DAS ARTES,SP,2025-06-01,2025,6,259
351500,EMBU DAS ARTES,SP,2025-07-01,2025,7,318
351500,EMBU DAS ARTES,SP,2025-08-01,2025,8,431
351500,EMBU DAS ARTES,SP,2025-09-01,2025,9,311
351500,EMBU DAS ARTES,SP,2025-10-01,2025,10,275
351500,EMBU DAS ARTES,SP,2025-11-01,2025,11,321
351500,EMBU DAS ARTES,SP,2025-12-01,2025,12,216
351510,EMBU-GUACU,SP,2025-01-01,2025,1,92
351510,EMBU-GUACU,SP,2025-02-01,2025,2,96
351510,EMBU-GUACU,SP,2025-03-01,2025,3,102
351510,EMBU-GUACU,SP,2025-04-01,2025,4,86
351510,EMBU-GUACU,SP,2025-05-01,2025,5,122
351510,EMBU-GUACU,SP,2025-06-01,2025,6,98
351510,EMBU-GUACU,SP,2025-07-01,2025,7,100
351510,EMBU-GUACU,SP,2025-08-01,2025,8,104
351510,EMBU-GUACU,SP,2025-09-01,2025,9,107
351510,EMBU-GUACU,SP,2025-10-01,2025,10,100
351510,EMBU-GUACU,SP,2025-11-01,2025,11,109
351510,EMBU-GUACU,SP,2025-12-01,2025,12,107
351518,ESPIRITO SANTO DO PINHAL,SP,2025-01-01,2025,1,333
351518,ESPIRITO SANTO DO PINHAL,SP,2025-02-01,2025,2,326
351518,ESPIRITO SANTO DO PINHAL,SP,2025-03-01,2025,3,317
351518,ESPIRITO SANTO DO PINHAL,SP,2025-04-01,2025,4,380
351518,ESPIRITO SANTO DO PINHAL,SP,2025-05-01,2025,5,380
351518,ESPIRITO SANTO DO PINHAL,SP,2025-06-01,2025,6,347
351518,ESPIRITO SANTO DO PINHAL,SP,2025-07-01,2025,7,353
351518,ESPIRITO SANTO DO PINHAL,SP,2025-08-01,2025,8,396
351518,ESPIRITO SANTO DO PINHAL,SP,2025-09-01,2025,9,349
351518,ESPIRITO SANTO DO PINHAL,SP,2025-10-01,2025,10,394
351518,ESPIRITO SANTO DO PINHAL,SP,2025-11-01,2025,11,391
351518,ESPIRITO SANTO DO PINHAL,SP,2025-12-01,2025,12,389
351520,ESTRELA D'OESTE,SP,2025-01-01,2025,1,97
351520,ESTRELA D'OESTE,SP,2025-02-01,2025,2,75
351520,ESTRELA D'OESTE,SP,2025-03-01,2025,3,65
351520,ESTRELA D'OESTE,SP,2025-04-01,2025,4,81
351520,ESTRELA D'OESTE,SP,2025-05-01,2025,5,83
351520,ESTRELA D'OESTE,SP,2025-06-01,2025,6,68
351520,ESTRELA D'OESTE,SP,2025-07-01,2025,7,75
351520,ESTRELA D'OESTE,SP,2025-08-01,2025,8,57
351520,ESTRELA D'OESTE,SP,2025-09-01,2025,9,69
351520,ESTRELA D'OESTE,SP,2025-10-01,2025,10,68
351520,ESTRELA D'OESTE,SP,2025-11-01,2025,11,57
351520,ESTRELA D'OESTE,SP,2025-12-01,2025,12,43
351540,FARTURA,SP,2025-01-01,2025,1,62
351540,FARTURA,SP,2025-02-01,2025,2,62
351540,FARTURA,SP,2025-03-01,2025,3,86
351540,FARTURA,SP,2025-04-01,2025,4,81
351540,FARTURA,SP,2025-05-01,2025,5,69
351540,FARTURA,SP,2025-06-01,2025,6,78
351540,FARTURA,SP,2025-07-01,2025,7,75
351540,FARTURA,SP,2025-08-01,2025,8,81
351540,FARTURA,SP,2025-09-01,2025,9,75
351540,FARTURA,SP,2025-10-01,2025,10,110
351540,FARTURA,SP,2025-11-01,2025,11,109
351540,FARTURA,SP,2025-12-01,2025,12,107
351550,FERNANDOPOLIS,SP,2025-01-01,2025,1,536
351550,FERNANDOPOLIS,SP,2025-02-01,2025,2,502
351550,FERNANDOPOLIS,SP,2025-03-01,2025,3,491
351550,FERNANDOPOLIS,SP,2025-04-01,2025,4,471
351550,FERNANDOPOLIS,SP,2025-05-01,2025,5,572
351550,FERNANDOPOLIS,SP,2025-06-01,2025,6,534
351550,FERNANDOPOLIS,SP,2025-07-01,2025,7,601
351550,FERNANDOPOLIS,SP,2025-08-01,2025,8,575
351550,FERNANDOPOLIS,SP,2025-09-01,2025,9,610
351550,FERNANDOPOLIS,SP,2025-10-01,2025,10,540
351550,FERNANDOPOLIS,SP,2025-11-01,2025,11,755
351550,FERNANDOPOLIS,SP,2025-12-01,2025,12,538
351570,FERRAZ DE VASCONCELOS,SP,2025-01-01,2025,1,640
351570,FERRAZ DE VASCONCELOS,SP,2025-02-01,2025,2,562
351570,FERRAZ DE VASCONCELOS,SP,2025-03-01,2025,3,366
351570,FERRAZ DE VASCONCELOS,SP,2025-04-01,2025,4,665
351570,FERRAZ DE VASCONCELOS,SP,2025-05-01,2025,5,562
351570,FERRAZ DE VASCONCELOS,SP,2025-06-01,2025,6,564
351570,FERRAZ DE VASCONCELOS,SP,2025-07-01,2025,7,782
351570,FERRAZ DE VASCONCELOS,SP,2025-08-01,2025,8,662
351570,FERRAZ DE VASCONCELOS,SP,2025-09-01,2025,9,674
351570,FERRAZ DE VASCONCELOS,SP,2025-10-01,2025,10,938
351570,FERRAZ DE VASCONCELOS,SP,2025-11-01,2025,11,807
351570,FERRAZ DE VASCONCELOS,SP,2025-12-01,2025,12,452
351600,FLORIDA PAULISTA,SP,2025-01-01,2025,1,97
351600,FLORIDA PAULISTA,SP,2025-02-01,2025,2,79
351600,FLORIDA PAULISTA,SP,2025-03-01,2025,3,82
351600,FLORIDA PAULISTA,SP,2025-04-01,2025,4,71
351600,FLORIDA PAULISTA,SP,2025-05-01,2025,5,61
351600,FLORIDA PAULISTA,SP,2025-06-01,2025,6,75
351600,FLORIDA PAULISTA,SP,2025-07-01,2025,7,76
351600,FLORIDA PAULISTA,SP,2025-08-01,2025,8,82
351600,FLORIDA PAULISTA,SP,2025-09-01,2025,9,76
351600,FLORIDA PAULISTA,SP,2025-10-01,2025,10,82
351600,FLORIDA PAULISTA,SP,2025-11-01,2025,11,89
351600,FLORIDA PAULISTA,SP,2025-12-01,2025,12,89
351620,FRANCA,SP,2025-01-01,2025,1,1964
351620,FRANCA,SP,2025-02-01,2025,2,1871
351620,FRANCA,SP,2025-03-01,2025,3,1996
351620,FRANCA,SP,2025-04-01,2025,4,2069
351620,FRANCA,SP,2025-05-01,2025,5,2117
351620,FRANCA,SP,2025-06-01,2025,6,1972
351620,FRANCA,SP,2025-07-01,2025,7,2053
351620,FRANCA,SP,2025-08-01,2025,8,2134
351620,FRANCA,SP,2025-09-01,2025,9,2167
351620,FRANCA,SP,2025-10-01,2025,10,2223
351620,FRANCA,SP,2025-11-01,2025,11,1998
351620,FRANCA,SP,2025-12-01,2025,12,2044
351630,FRANCISCO MORATO,SP,2025-01-01,2025,1,976
351630,FRANCISCO MORATO,SP,2025-02-01,2025,2,1032
351630,FRANCISCO MORATO,SP,2025-03-01,2025,3,1159
351630,FRANCISCO MORATO,SP,2025-04-01,2025,4,1078
351630,FRANCISCO MORATO,SP,2025-05-01,2025,5,1204
351630,FRANCISCO MORATO,SP,2025-06-01,2025,6,999
351630,FRANCISCO MORATO,SP,2025-07-01,2025,7,1009
351630,FRANCISCO MORATO,SP,2025-08-01,2025,8,1296
351630,FRANCISCO MORATO,SP,2025-09-01,2025,9,914
351630,FRANCISCO MORATO,SP,2025-10-01,2025,10,1358
351630,FRANCISCO MORATO,SP,2025-11-01,2025,11,1138
351630,FRANCISCO MORATO,SP,2025-12-01,2025,12,1246
351640,FRANCO DA ROCHA,SP,2025-01-01,2025,1,638
351640,FRANCO DA ROCHA,SP,2025-02-01,2025,2,661
351640,FRANCO DA ROCHA,SP,2025-03-01,2025,3,680
351640,FRANCO DA ROCHA,SP,2025-04-01,2025,4,743
351640,FRANCO DA ROCHA,SP,2025-05-01,2025,5,705
351640,FRANCO DA ROCHA,SP,2025-06-01,2025,6,726
351640,FRANCO DA ROCHA,SP,2025-07-01,2025,7,747
351640,FRANCO DA ROCHA,SP,2025-08-01,2025,8,745
351640,FRANCO DA ROCHA,SP,2025-09-01,2025,9,649
351640,FRANCO DA ROCHA,SP,2025-10-01,2025,10,712
351640,FRANCO DA ROCHA,SP,2025-11-01,2025,11,746
351640,FRANCO DA ROCHA,SP,2025-12-01,2025,12,701
351660,GALIA,SP,2025-01-01,2025,1,3
351660,GALIA,SP,2025-02-01,2025,2,8
351660,GALIA,SP,2025-03-01,2025,3,14
351660,GALIA,SP,2025-04-01,2025,4,12
351660,GALIA,SP,2025-05-01,2025,5,8
351660,GALIA,SP,2025-06-01,2025,6,13
351660,GALIA,SP,2025-07-01,2025,7,19
351660,GALIA,SP,2025-08-01,2025,8,10
351660,GALIA,SP,2025-09-01,2025,9,13
351660,GALIA,SP,2025-10-01,2025,10,12
351660,GALIA,SP,2025-11-01,2025,11,15
351660,GALIA,SP,2025-12-01,2025,12,17
351670,GARCA,SP,2025-01-01,2025,1,253
351670,GARCA,SP,2025-02-01,2025,2,273
351670,GARCA,SP,2025-03-01,2025,3,292
351670,GARCA,SP,2025-04-01,2025,4,254
351670,GARCA,SP,2025-05-01,2025,5,267
351670,GARCA,SP,2025-06-01,2025,6,265
351670,GARCA,SP,2025-07-01,2025,7,265
351670,GARCA,SP,2025-08-01,2025,8,276
351670,GARCA,SP,2025-09-01,2025,9,223
351670,GARCA,SP,2025-10-01,2025,10,233
351670,GARCA,SP,2025-11-01,2025,11,211
351670,GARCA,SP,2025-12-01,2025,12,207
351690,GENERAL SALGADO,SP,2025-01-01,2025,1,64
351690,GENERAL SALGADO,SP,2025-02-01,2025,2,58
351690,GENERAL SALGADO,SP,2025-03-01,2025,3,52
351690,GENERAL SALGADO,SP,2025-04-01,2025,4,40
351690,GENERAL SALGADO,SP,2025-05-01,2025,5,50
351690,GENERAL SALGADO,SP,2025-06-01,2025,6,39
351690,GENERAL SALGADO,SP,2025-07-01,2025,7,44
351690,GENERAL SALGADO,SP,2025-08-01,2025,8,49
351690,GENERAL SALGADO,SP,2025-09-01,2025,9,32
351690,GENERAL SALGADO,SP,2025-10-01,2025,10,31
351690,GENERAL SALGADO,SP,2025-11-01,2025,11,27
351690,GENERAL SALGADO,SP,2025-12-01,2025,12,31
351700,GETULINA,SP,2025-01-01,2025,1,23
351700,GETULINA,SP,2025-02-01,2025,2,29
351700,GETULINA,SP,2025-03-01,2025,3,25
351700,GETULINA,SP,2025-04-01,2025,4,27
351700,GETULINA,SP,2025-05-01,2025,5,33
351700,GETULINA,SP,2025-06-01,2025,6,40
351700,GETULINA,SP,2025-07-01,2025,7,39
351700,GETULINA,SP,2025-08-01,2025,8,38
351700,GETULINA,SP,2025-09-01,2025,9,39
351700,GETULINA,SP,2025-10-01,2025,10,32
351700,GETULINA,SP,2025-11-01,2025,11,25
351700,GETULINA,SP,2025-12-01,2025,12,23
351740,GUAIRA,SP,2025-01-01,2025,1,191
351740,GUAIRA,SP,2025-02-01,2025,2,262
351740,GUAIRA,SP,2025-03-01,2025,3,300
351740,GUAIRA,SP,2025-04-01,2025,4,327
351740,GUAIRA,SP,2025-05-01,2025,5,284
351740,GUAIRA,SP,2025-06-01,2025,6,299
351740,GUAIRA,SP,2025-07-01,2025,7,308
351740,GUAIRA,SP,2025-08-01,2025,8,301
351740,GUAIRA,SP,2025-09-01,2025,9,306
351740,GUAIRA,SP,2025-10-01,2025,10,274
351740,GUAIRA,SP,2025-11-01,2025,11,285
351740,GUAIRA,SP,2025-12-01,2025,12,321
351760,GUAPIARA,SP,2025-01-01,2025,1,20
351760,GUAPIARA,SP,2025-02-01,2025,2,21
351760,GUAPIARA,SP,2025-03-01,2025,3,7
351760,GUAPIARA,SP,2025-04-01,2025,4,20
351760,GUAPIARA,SP,2025-05-01,2025,5,16
351760,GUAPIARA,SP,2025-06-01,2025,6,27
351760,GUAPIARA,SP,2025-07-01,2025,7,19
351760,GUAPIARA,SP,2025-08-01,2025,8,25
351760,GUAPIARA,SP,2025-09-01,2025,9,25
351760,GUAPIARA,SP,2025-10-01,2025,10,32
351760,GUAPIARA,SP,2025-11-01,2025,11,29
351760,GUAPIARA,SP,2025-12-01,2025,12,16
351770,GUARA,SP,2025-01-01,2025,1,71
351770,GUARA,SP,2025-02-01,2025,2,74
351770,GUARA,SP,2025-03-01,2025,3,85
351770,GUARA,SP,2025-04-01,2025,4,78
351770,GUARA,SP,2025-05-01,2025,5,78
351770,GUARA,SP,2025-06-01,2025,6,78
351770,GUARA,SP,2025-07-01,2025,7,79
351770,GUARA,SP,2025-08-01,2025,8,66
351770,GUARA,SP,2025-09-01,2025,9,74
351770,GUARA,SP,2025-10-01,2025,10,77
351770,GUARA,SP,2025-11-01,2025,11,62
351770,GUARA,SP,2025-12-01,2025,12,97
351780,GUARACAI,SP,2025-01-01,2025,1,66
351780,GUARACAI,SP,2025-02-01,2025,2,56
351780,GUARACAI,SP,2025-03-01,2025,3,42
351780,GUARACAI,SP,2025-04-01,2025,4,43
351780,GUARACAI,SP,2025-05-01,2025,5,65
351780,GUARACAI,SP,2025-06-01,2025,6,36
351780,GUARACAI,SP,2025-07-01,2025,7,49
351780,GUARACAI,SP,2025-08-01,2025,8,40
351780,GUARACAI,SP,2025-09-01,2025,9,53
351780,GUARACAI,SP,2025-10-01,2025,10,42
351780,GUARACAI,SP,2025-11-01,2025,11,41
351780,GUARACAI,SP,2025-12-01,2025,12,43
351820,GUARARAPES,SP,2025-01-01,2025,1,133
351820,GUARARAPES,SP,2025-02-01,2025,2,147
351820,GUARARAPES,SP,2025-03-01,2025,3,124
351820,GUARARAPES,SP,2025-04-01,2025,4,134
351820,GUARARAPES,SP,2025-05-01,2025,5,164
351820,GUARARAPES,SP,2025-06-01,2025,6,151
351820,GUARARAPES,SP,2025-07-01,2025,7,141
351820,GUARARAPES,SP,2025-08-01,2025,8,145
351820,GUARARAPES,SP,2025-09-01,2025,9,129
351820,GUARARAPES,SP,2025-10-01,2025,10,155
351820,GUARARAPES,SP,2025-11-01,2025,11,121
351820,GUARARAPES,SP,2025-12-01,2025,12,123
351830,GUARAREMA,SP,2025-01-01,2025,1,86
351830,GUARAREMA,SP,2025-02-01,2025,2,80
351830,GUARAREMA,SP,2025-03-01,2025,3,110
351830,GUARAREMA,SP,2025-04-01,2025,4,86
351830,GUARAREMA,SP,2025-05-01,2025,5,127
351830,GUARAREMA,SP,2025-06-01,2025,6,99
351830,GUARAREMA,SP,2025-07-01,2025,7,116
351830,GUARAREMA,SP,2025-08-01,2025,8,128
351830,GUARAREMA,SP,2025-09-01,2025,9,134
351830,GUARAREMA,SP,2025-10-01,2025,10,124
351830,GUARAREMA,SP,2025-11-01,2025,11,104
351830,GUARAREMA,SP,2025-12-01,2025,12,138
351840,GUARATINGUETA,SP,2025-01-01,2025,1,497
351840,GUARATINGUETA,SP,2025-02-01,2025,2,466
351840,GUARATINGUETA,SP,2025-03-01,2025,3,531
351840,GUARATINGUETA,SP,2025-04-01,2025,4,516
351840,GUARATINGUETA,SP,2025-05-01,2025,5,523
351840,GUARATINGUETA,SP,2025-06-01,2025,6,584
351840,GUARATINGUETA,SP,2025-07-01,2025,7,631
351840,GUARATINGUETA,SP,2025-08-01,2025,8,575
351840,GUARATINGUETA,SP,2025-09-01,2025,9,530
351840,GUARATINGUETA,SP,2025-10-01,2025,10,532
351840,GUARATINGUETA,SP,2025-11-01,2025,11,526
351840,GUARATINGUETA,SP,2025-12-01,2025,12,441
351860,GUARIBA,SP,2025-01-01,2025,1,96
351860,GUARIBA,SP,2025-02-01,2025,2,118
351860,GUARIBA,SP,2025-03-01,2025,3,153
351860,GUARIBA,SP,2025-04-01,2025,4,139
351860,GUARIBA,SP,2025-05-01,2025,5,143
351860,GUARIBA,SP,2025-06-01,2025,6,134
351860,GUARIBA,SP,2025-07-01,2025,7,116
351860,GUARIBA,SP,2025-08-01,2025,8,105
351860,GUARIBA,SP,2025-09-01,2025,9,115
351860,GUARIBA,SP,2025-10-01,2025,10,121
351860,GUARIBA,SP,2025-11-01,2025,11,107
351860,GUARIBA,SP,2025-12-01,2025,12,113
351870,GUARUJA,SP,2025-01-01,2025,1,1295
351870,GUARUJA,SP,2025-02-01,2025,2,1107
351870,GUARUJA,SP,2025-03-01,2025,3,1091
351870,GUARUJA,SP,2025-04-01,2025,4,1123
351870,GUARUJA,SP,2025-05-01,2025,5,1207
351870,GUARUJA,SP,2025-06-01,2025,6,1168
351870,GUARUJA,SP,2025-07-01,2025,7,1161
351870,GUARUJA,SP,2025-08-01,2025,8,1120
351870,GUARUJA,SP,2025-09-01,2025,9,1088
351870,GUARUJA,SP,2025-10-01,2025,10,1147
351870,GUARUJA,SP,2025-11-01,2025,11,1037
351870,GUARUJA,SP,2025-12-01,2025,12,1106
351880,GUARULHOS,SP,2025-01-01,2025,1,4501
351880,GUARULHOS,SP,2025-02-01,2025,2,4266
351880,GUARULHOS,SP,2025-03-01,2025,3,4700
351880,GUARULHOS,SP,2025-04-01,2025,4,5169
351880,GUARULHOS,SP,2025-05-01,2025,5,5200
351880,GUARULHOS,SP,2025-06-01,2025,6,4450
351880,GUARULHOS,SP,2025-07-01,2025,7,5118
351880,GUARULHOS,SP,2025-08-01,2025,8,4697
351880,GUARULHOS,SP,2025-09-01,2025,9,5011
351880,GUARULHOS,SP,2025-10-01,2025,10,5297
351880,GUARULHOS,SP,2025-11-01,2025,11,4353
351880,GUARULHOS,SP,2025-12-01,2025,12,4370
351900,HERCULANDIA,SP,2025-01-01,2025,1,64
351900,HERCULANDIA,SP,2025-02-01,2025,2,67
351900,HERCULANDIA,SP,2025-03-01,2025,3,76
351900,HERCULANDIA,SP,2025-04-01,2025,4,78
351900,HERCULANDIA,SP,2025-05-01,2025,5,91
351900,HERCULANDIA,SP,2025-06-01,2025,6,56
351900,HERCULANDIA,SP,2025-07-01,2025,7,68
351900,HERCULANDIA,SP,2025-08-01,2025,8,80
351900,HERCULANDIA,SP,2025-09-01,2025,9,34
351900,HERCULANDIA,SP,2025-10-01,2025,10,62
351900,HERCULANDIA,SP,2025-11-01,2025,11,39
351900,HERCULANDIA,SP,2025-12-01,2025,12,61
351907,HORTOLANDIA,SP,2025-01-01,2025,1,576
351907,HORTOLANDIA,SP,2025-02-01,2025,2,515
351907,HORTOLANDIA,SP,2025-03-01,2025,3,428
351907,HORTOLANDIA,SP,2025-04-01,2025,4,442
351907,HORTOLANDIA,SP,2025-05-01,2025,5,473
351907,HORTOLANDIA,SP,2025-06-01,2025,6,438
351907,HORTOLANDIA,SP,2025-07-01,2025,7,468
351907,HORTOLANDIA,SP,2025-08-01,2025,8,610
351907,HORTOLANDIA,SP,2025-09-01,2025,9,474
351907,HORTOLANDIA,SP,2025-10-01,2025,10,460
351907,HORTOLANDIA,SP,2025-11-01,2025,11,443
351907,HORTOLANDIA,SP,2025-12-01,2025,12,485
351910,IACANGA,SP,2025-01-01,2025,1,19
351910,IACANGA,SP,2025-02-01,2025,2,58
351910,IACANGA,SP,2025-03-01,2025,3,53
351910,IACANGA,SP,2025-04-01,2025,4,78
351910,IACANGA,SP,2025-05-01,2025,5,97
351910,IACANGA,SP,2025-06-01,2025,6,78
351910,IACANGA,SP,2025-07-01,2025,7,77
351910,IACANGA,SP,2025-08-01,2025,8,73
351910,IACANGA,SP,2025-09-01,2025,9,80
351910,IACANGA,SP,2025-10-01,2025,10,47
351910,IACANGA,SP,2025-11-01,2025,11,62
351910,IACANGA,SP,2025-12-01,2025,12,38
351930,IBATE,SP,2025-01-01,2025,1,88
351930,IBATE,SP,2025-02-01,2025,2,79
351930,IBATE,SP,2025-03-01,2025,3,94
351930,IBATE,SP,2025-04-01,2025,4,71
351930,IBATE,SP,2025-05-01,2025,5,110
351930,IBATE,SP,2025-06-01,2025,6,104
351930,IBATE,SP,2025-07-01,2025,7,86
351930,IBATE,SP,2025-08-01,2025,8,81
351930,IBATE,SP,2025-09-01,2025,9,83
351930,IBATE,SP,2025-10-01,2025,10,74
351930,IBATE,SP,2025-11-01,2025,11,78
351930,IBATE,SP,2025-12-01,2025,12,78
351940,IBIRA,SP,2025-01-01,2025,1,100
351940,IBIRA,SP,2025-02-01,2025,2,33
351940,IBIRA,SP,2025-03-01,2025,3,55
351940,IBIRA,SP,2025-04-01,2025,4,24
351940,IBIRA,SP,2025-05-01,2025,5,30
351940,IBIRA,SP,2025-06-01,2025,6,27
351940,IBIRA,SP,2025-07-01,2025,7,34
351940,IBIRA,SP,2025-08-01,2025,8,39
351940,IBIRA,SP,2025-09-01,2025,9,33
351940,IBIRA,SP,2025-10-01,2025,10,30
351940,IBIRA,SP,2025-11-01,2025,11,34
351940,IBIRA,SP,2025-12-01,2025,12,33
351960,IBITINGA,SP,2025-01-01,2025,1,226
351960,IBITINGA,SP,2025-02-01,2025,2,320
351960,IBITINGA,SP,2025-03-01,2025,3,370
351960,IBITINGA,SP,2025-04-01,2025,4,398
351960,IBITINGA,SP,2025-05-01,2025,5,486
351960,IBITINGA,SP,2025-06-01,2025,6,478
351960,IBITINGA,SP,2025-07-01,2025,7,478
351960,IBITINGA,SP,2025-08-01,2025,8,498
351960,IBITINGA,SP,2025-09-01,2025,9,377
351960,IBITINGA,SP,2025-10-01,2025,10,389
351960,IBITINGA,SP,2025-11-01,2025,11,358
351960,IBITINGA,SP,2025-12-01,2025,12,392
351970,IBIUNA,SP,2025-01-01,2025,1,320
351970,IBIUNA,SP,2025-02-01,2025,2,323
351970,IBIUNA,SP,2025-03-01,2025,3,406
351970,IBIUNA,SP,2025-04-01,2025,4,405
351970,IBIUNA,SP,2025-05-01,2025,5,400
351970,IBIUNA,SP,2025-06-01,2025,6,346
351970,IBIUNA,SP,2025-07-01,2025,7,349
351970,IBIUNA,SP,2025-08-01,2025,8,385
351970,IBIUNA,SP,2025-09-01,2025,9,404
351970,IBIUNA,SP,2025-10-01,2025,10,401
351970,IBIUNA,SP,2025-11-01,2025,11,334
351970,IBIUNA,SP,2025-12-01,2025,12,285
351990,IEPE,SP,2025-01-01,2025,1,62
351990,IEPE,SP,2025-02-01,2025,2,47
351990,IEPE,SP,2025-03-01,2025,3,71
351990,IEPE,SP,2025-04-01,2025,4,62
351990,IEPE,SP,2025-05-01,2025,5,88
351990,IEPE,SP,2025-06-01,2025,6,63
351990,IEPE,SP,2025-07-01,2025,7,76
351990,IEPE,SP,2025-08-01,2025,8,67
351990,IEPE,SP,2025-09-01,2025,9,62
351990,IEPE,SP,2025-10-01,2025,10,63
351990,IEPE,SP,2025-11-01,2025,11,46
351990,IEPE,SP,2025-12-01,2025,12,55
352010,IGARAPAVA,SP,2025-01-01,2025,1,97
352010,IGARAPAVA,SP,2025-02-01,2025,2,98
352010,IGARAPAVA,SP,2025-03-01,2025,3,101
352010,IGARAPAVA,SP,2025-04-01,2025,4,106
352010,IGARAPAVA,SP,2025-05-01,2025,5,118
352010,IGARAPAVA,SP,2025-06-01,2025,6,134
352010,IGARAPAVA,SP,2025-07-01,2025,7,129
352010,IGARAPAVA,SP,2025-08-01,2025,8,133
352010,IGARAPAVA,SP,2025-09-01,2025,9,132
352010,IGARAPAVA,SP,2025-10-01,2025,10,138
352010,IGARAPAVA,SP,2025-11-01,2025,11,111
352010,IGARAPAVA,SP,2025-12-01,2025,12,107
352040,ILHABELA,SP,2025-01-01,2025,1,326
352040,ILHABELA,SP,2025-02-01,2025,2,254
352040,ILHABELA,SP,2025-03-01,2025,3,272
352040,ILHABELA,SP,2025-04-01,2025,4,325
352040,ILHABELA,SP,2025-05-01,2025,5,348
352040,ILHABELA,SP,2025-06-01,2025,6,276
352040,ILHABELA,SP,2025-07-01,2025,7,296
352040,ILHABELA,SP,2025-08-01,2025,8,265
352040,ILHABELA,SP,2025-09-01,2025,9,279
352040,ILHABELA,SP,2025-10-01,2025,10,259
352040,ILHABELA,SP,2025-11-01,2025,11,222
352040,ILHABELA,SP,2025-12-01,2025,12,219
352044,ILHA SOLTEIRA,SP,2025-01-01,2025,1,184
352044,ILHA SOLTEIRA,SP,2025-02-01,2025,2,206
352044,ILHA SOLTEIRA,SP,2025-03-01,2025,3,221
352044,ILHA SOLTEIRA,SP,2025-04-01,2025,4,209
352044,ILHA SOLTEIRA,SP,2025-05-01,2025,5,234
352044,ILHA SOLTEIRA,SP,2025-06-01,2025,6,209
352044,ILHA SOLTEIRA,SP,2025-07-01,2025,7,264
352044,ILHA SOLTEIRA,SP,2025-08-01,2025,8,250
352044,ILHA SOLTEIRA,SP,2025-09-01,2025,9,262
352044,ILHA SOLTEIRA,SP,2025-10-01,2025,10,281
352044,ILHA SOLTEIRA,SP,2025-11-01,2025,11,203
352044,ILHA SOLTEIRA,SP,2025-12-01,2025,12,218
352050,INDAIATUBA,SP,2025-01-01,2025,1,1987
352050,INDAIATUBA,SP,2025-02-01,2025,2,1743
352050,INDAIATUBA,SP,2025-03-01,2025,3,1913
352050,INDAIATUBA,SP,2025-04-01,2025,4,1940
352050,INDAIATUBA,SP,2025-05-01,2025,5,2268
352050,INDAIATUBA,SP,2025-06-01,2025,6,1825
352050,INDAIATUBA,SP,2025-07-01,2025,7,1950
352050,INDAIATUBA,SP,2025-08-01,2025,8,1962
352050,INDAIATUBA,SP,2025-09-01,2025,9,1914
352050,INDAIATUBA,SP,2025-10-01,2025,10,1990
352050,INDAIATUBA,SP,2025-11-01,2025,11,1872
352050,INDAIATUBA,SP,2025-12-01,2025,12,1753
352070,INDIAPORA,SP,2025-01-01,2025,1,41
352070,INDIAPORA,SP,2025-02-01,2025,2,19
352070,INDIAPORA,SP,2025-03-01,2025,3,27
352070,INDIAPORA,SP,2025-04-01,2025,4,32
352070,INDIAPORA,SP,2025-05-01,2025,5,37
352070,INDIAPORA,SP,2025-06-01,2025,6,29
352070,INDIAPORA,SP,2025-07-01,2025,7,33
352070,INDIAPORA,SP,2025-08-01,2025,8,29
352070,INDIAPORA,SP,2025-09-01,2025,9,24
352070,INDIAPORA,SP,2025-10-01,2025,10,42
352070,INDIAPORA,SP,2025-11-01,2025,11,28
352070,INDIAPORA,SP,2025-12-01,2025,12,27
352090,IPAUSSU,SP,2025-01-01,2025,1,50
352090,IPAUSSU,SP,2025-02-01,2025,2,47
352090,IPAUSSU,SP,2025-03-01,2025,3,76
352090,IPAUSSU,SP,2025-04-01,2025,4,49
352090,IPAUSSU,SP,2025-05-01,2025,5,63
352090,IPAUSSU,SP,2025-06-01,2025,6,71
352090,IPAUSSU,SP,2025-07-01,2025,7,62
352090,IPAUSSU,SP,2025-08-01,2025,8,83
352090,IPAUSSU,SP,2025-09-01,2025,9,96
352090,IPAUSSU,SP,2025-10-01,2025,10,61
352090,IPAUSSU,SP,2025-11-01,2025,11,44
352090,IPAUSSU,SP,2025-12-01,2025,12,59
352130,IPUA,SP,2025-01-01,2025,1,57
352130,IPUA,SP,2025-02-01,2025,2,84
352130,IPUA,SP,2025-03-01,2025,3,78
352130,IPUA,SP,2025-04-01,2025,4,77
352130,IPUA,SP,2025-05-01,2025,5,75
352130,IPUA,SP,2025-06-01,2025,6,87
352130,IPUA,SP,2025-07-01,2025,7,104
352130,IPUA,SP,2025-08-01,2025,8,91
352130,IPUA,SP,2025-09-01,2025,9,107
352130,IPUA,SP,2025-10-01,2025,10,89
352130,IPUA,SP,2025-11-01,2025,11,89
352130,IPUA,SP,2025-12-01,2025,12,85
352170,ITABERA,SP,2025-01-01,2025,1,69
352170,ITABERA,SP,2025-02-01,2025,2,84
352170,ITABERA,SP,2025-03-01,2025,3,103
352170,ITABERA,SP,2025-04-01,2025,4,73
352170,ITABERA,SP,2025-05-01,2025,5,153
352170,ITABERA,SP,2025-06-01,2025,6,119
352170,ITABERA,SP,2025-07-01,2025,7,102
352170,ITABERA,SP,2025-08-01,2025,8,73
352170,ITABERA,SP,2025-09-01,2025,9,103
352170,ITABERA,SP,2025-10-01,2025,10,118
352170,ITABERA,SP,2025-11-01,2025,11,105
352170,ITABERA,SP,2025-12-01,2025,12,89
352180,ITAI,SP,2025-01-01,2025,1,22
352180,ITAI,SP,2025-02-01,2025,2,79
352180,ITAI,SP,2025-03-01,2025,3,70
352180,ITAI,SP,2025-04-01,2025,4,62
352180,ITAI,SP,2025-05-01,2025,5,75
352180,ITAI,SP,2025-06-01,2025,6,111
352180,ITAI,SP,2025-07-01,2025,7,84
352180,ITAI,SP,2025-08-01,2025,8,75
352180,ITAI,SP,2025-09-01,2025,9,103
352180,ITAI,SP,2025-10-01,2025,10,89
352180,ITAI,SP,2025-11-01,2025,11,69
352180,ITAI,SP,2025-12-01,2025,12,100
352190,ITAJOBI,SP,2025-01-01,2025,1,64
352190,ITAJOBI,SP,2025-02-01,2025,2,73
352190,ITAJOBI,SP,2025-03-01,2025,3,87
352190,ITAJOBI,SP,2025-04-01,2025,4,62
352190,ITAJOBI,SP,2025-05-01,2025,5,66
352190,ITAJOBI,SP,2025-06-01,2025,6,83
352190,ITAJOBI,SP,2025-07-01,2025,7,73
352190,ITAJOBI,SP,2025-08-01,2025,8,82
352190,ITAJOBI,SP,2025-09-01,2025,9,64
352190,ITAJOBI,SP,2025-10-01,2025,10,48
352190,ITAJOBI,SP,2025-11-01,2025,11,48
352190,ITAJOBI,SP,2025-12-01,2025,12,47
352210,ITANHAEM,SP,2025-01-01,2025,1,1102
352210,ITANHAEM,SP,2025-02-01,2025,2,974
352210,ITANHAEM,SP,2025-03-01,2025,3,986
352210,ITANHAEM,SP,2025-04-01,2025,4,1061
352210,ITANHAEM,SP,2025-05-01,2025,5,973
352210,ITANHAEM,SP,2025-06-01,2025,6,840
352210,ITANHAEM,SP,2025-07-01,2025,7,877
352210,ITANHAEM,SP,2025-08-01,2025,8,1116
352210,ITANHAEM,SP,2025-09-01,2025,9,1008
352210,ITANHAEM,SP,2025-10-01,2025,10,1019
352210,ITANHAEM,SP,2025-11-01,2025,11,956
352210,ITANHAEM,SP,2025-12-01,2025,12,1008
352220,ITAPECERICA DA SERRA,SP,2025-01-01,2025,1,1375
352220,ITAPECERICA DA SERRA,SP,2025-02-01,2025,2,1274
352220,ITAPECERICA DA SERRA,SP,2025-03-01,2025,3,1461
352220,ITAPECERICA DA SERRA,SP,2025-04-01,2025,4,1468
352220,ITAPECERICA DA SERRA,SP,2025-05-01,2025,5,1449
352220,ITAPECERICA DA SERRA,SP,2025-06-01,2025,6,1425
352220,ITAPECERICA DA SERRA,SP,2025-07-01,2025,7,1516
352220,ITAPECERICA DA SERRA,SP,2025-08-01,2025,8,848
352220,ITAPECERICA DA SERRA,SP,2025-09-01,2025,9,1466
352220,ITAPECERICA DA SERRA,SP,2025-10-01,2025,10,2175
352220,ITAPECERICA DA SERRA,SP,2025-11-01,2025,11,1356
352220,ITAPECERICA DA SERRA,SP,2025-12-01,2025,12,1412
352230,ITAPETININGA,SP,2025-01-01,2025,1,830
352230,ITAPETININGA,SP,2025-02-01,2025,2,780
352230,ITAPETININGA,SP,2025-03-01,2025,3,896
352230,ITAPETININGA,SP,2025-04-01,2025,4,910
352230,ITAPETININGA,SP,2025-05-01,2025,5,938
352230,ITAPETININGA,SP,2025-06-01,2025,6,887
352230,ITAPETININGA,SP,2025-07-01,2025,7,945
352230,ITAPETININGA,SP,2025-08-01,2025,8,885
352230,ITAPETININGA,SP,2025-09-01,2025,9,857
352230,ITAPETININGA,SP,2025-10-01,2025,10,859
352230,ITAPETININGA,SP,2025-11-01,2025,11,830
352230,ITAPETININGA,SP,2025-12-01,2025,12,819
352240,ITAPEVA,SP,2025-01-01,2025,1,719
352240,ITAPEVA,SP,2025-02-01,2025,2,754
352240,ITAPEVA,SP,2025-03-01,2025,3,824
352240,ITAPEVA,SP,2025-04-01,2025,4,692
352240,ITAPEVA,SP,2025-05-01,2025,5,880
352240,ITAPEVA,SP,2025-06-01,2025,6,878
352240,ITAPEVA,SP,2025-07-01,2025,7,874
352240,ITAPEVA,SP,2025-08-01,2025,8,789
352240,ITAPEVA,SP,2025-09-01,2025,9,728
352240,ITAPEVA,SP,2025-10-01,2025,10,907
352240,ITAPEVA,SP,2025-11-01,2025,11,919
352240,ITAPEVA,SP,2025-12-01,2025,12,788
352250,ITAPEVI,SP,2025-01-01,2025,1,1327
352250,ITAPEVI,SP,2025-02-01,2025,2,1194
352250,ITAPEVI,SP,2025-03-01,2025,3,1378
352250,ITAPEVI,SP,2025-04-01,2025,4,1445
352250,ITAPEVI,SP,2025-05-01,2025,5,1565
352250,ITAPEVI,SP,2025-06-01,2025,6,1356
352250,ITAPEVI,SP,2025-07-01,2025,7,1463
352250,ITAPEVI,SP,2025-08-01,2025,8,1393
352250,ITAPEVI,SP,2025-09-01,2025,9,1360
352250,ITAPEVI,SP,2025-10-01,2025,10,1337
352250,ITAPEVI,SP,2025-11-01,2025,11,1236
352250,ITAPEVI,SP,2025-12-01,2025,12,1245
352260,ITAPIRA,SP,2025-01-01,2025,1,578
352260,ITAPIRA,SP,2025-02-01,2025,2,566
352260,ITAPIRA,SP,2025-03-01,2025,3,605
352260,ITAPIRA,SP,2025-04-01,2025,4,625
352260,ITAPIRA,SP,2025-05-01,2025,5,614
352260,ITAPIRA,SP,2025-06-01,2025,6,569
352260,ITAPIRA,SP,2025-07-01,2025,7,553
352260,ITAPIRA,SP,2025-08-01,2025,8,569
352260,ITAPIRA,SP,2025-09-01,2025,9,493
352260,ITAPIRA,SP,2025-10-01,2025,10,517
352260,ITAPIRA,SP,2025-11-01,2025,11,472
352260,ITAPIRA,SP,2025-12-01,2025,12,523
352270,ITAPOLIS,SP,2025-01-01,2025,1,215
352270,ITAPOLIS,SP,2025-02-01,2025,2,273
352270,ITAPOLIS,SP,2025-03-01,2025,3,269
352270,ITAPOLIS,SP,2025-04-01,2025,4,295
352270,ITAPOLIS,SP,2025-05-01,2025,5,316
352270,ITAPOLIS,SP,2025-06-01,2025,6,297
352270,ITAPOLIS,SP,2025-07-01,2025,7,288
352270,ITAPOLIS,SP,2025-08-01,2025,8,293
352270,ITAPOLIS,SP,2025-09-01,2025,9,297
352270,ITAPOLIS,SP,2025-10-01,2025,10,284
352270,ITAPOLIS,SP,2025-11-01,2025,11,296
352270,ITAPOLIS,SP,2025-12-01,2025,12,246
352280,ITAPORANGA,SP,2025-01-01,2025,1,90
352280,ITAPORANGA,SP,2025-02-01,2025,2,103
352280,ITAPORANGA,SP,2025-03-01,2025,3,92
352280,ITAPORANGA,SP,2025-04-01,2025,4,92
352280,ITAPORANGA,SP,2025-05-01,2025,5,106
352280,ITAPORANGA,SP,2025-06-01,2025,6,108
352280,ITAPORANGA,SP,2025-07-01,2025,7,111
352280,ITAPORANGA,SP,2025-08-01,2025,8,85
352280,ITAPORANGA,SP,2025-09-01,2025,9,98
352280,ITAPORANGA,SP,2025-10-01,2025,10,97
352280,ITAPORANGA,SP,2025-11-01,2025,11,79
352280,ITAPORANGA,SP,2025-12-01,2025,12,106
352290,ITAPUI,SP,2025-01-01,2025,1,11
352290,ITAPUI,SP,2025-02-01,2025,2,14
352290,ITAPUI,SP,2025-03-01,2025,3,19
352290,ITAPUI,SP,2025-04-01,2025,4,8
352290,ITAPUI,SP,2025-05-01,2025,5,0
352290,ITAPUI,SP,2025-06-01,2025,6,0
352290,ITAPUI,SP,2025-07-01,2025,7,12
352290,ITAPUI,SP,2025-08-01,2025,8,0
352290,ITAPUI,SP,2025-09-01,2025,9,0
352290,ITAPUI,SP,2025-10-01,2025,10,0
352290,ITAPUI,SP,2025-11-01,2025,11,0
352290,ITAPUI,SP,2025-12-01,2025,12,0
352310,ITAQUAQUECETUBA,SP,2025-01-01,2025,1,1233
352310,ITAQUAQUECETUBA,SP,2025-02-01,2025,2,1133
352310,ITAQUAQUECETUBA,SP,2025-03-01,2025,3,1366
352310,ITAQUAQUECETUBA,SP,2025-04-01,2025,4,1197
352310,ITAQUAQUECETUBA,SP,2025-05-01,2025,5,1323
352310,ITAQUAQUECETUBA,SP,2025-06-01,2025,6,1156
352310,ITAQUAQUECETUBA,SP,2025-07-01,2025,7,1278
352310,ITAQUAQUECETUBA,SP,2025-08-01,2025,8,1208
352310,ITAQUAQUECETUBA,SP,2025-09-01,2025,9,1322
352310,ITAQUAQUECETUBA,SP,2025-10-01,2025,10,1213
352310,ITAQUAQUECETUBA,SP,2025-11-01,2025,11,1229
352310,ITAQUAQUECETUBA,SP,2025-12-01,2025,12,1234
352320,ITARARE,SP,2025-01-01,2025,1,287
352320,ITARARE,SP,2025-02-01,2025,2,314
352320,ITARARE,SP,2025-03-01,2025,3,282
352320,ITARARE,SP,2025-04-01,2025,4,294
352320,ITARARE,SP,2025-05-01,2025,5,319
352320,ITARARE,SP,2025-06-01,2025,6,302
352320,ITARARE,SP,2025-07-01,2025,7,366
352320,ITARARE,SP,2025-08-01,2025,8,331
352320,ITARARE,SP,2025-09-01,2025,9,328
352320,ITARARE,SP,2025-10-01,2025,10,348
352320,ITARARE,SP,2025-11-01,2025,11,330
352320,ITARARE,SP,2025-12-01,2025,12,357
352340,ITATIBA,SP,2025-01-01,2025,1,504
352340,ITATIBA,SP,2025-02-01,2025,2,418
352340,ITATIBA,SP,2025-03-01,2025,3,498
352340,ITATIBA,SP,2025-04-01,2025,4,458
352340,ITATIBA,SP,2025-05-01,2025,5,540
352340,ITATIBA,SP,2025-06-01,2025,6,490
352340,ITATIBA,SP,2025-07-01,2025,7,553
352340,ITATIBA,SP,2025-08-01,2025,8,618
352340,ITATIBA,SP,2025-09-01,2025,9,552
352340,ITATIBA,SP,2025-10-01,2025,10,581
352340,ITATIBA,SP,2025-11-01,2025,11,557
352340,ITATIBA,SP,2025-12-01,2025,12,716
352350,ITATINGA,SP,2025-01-01,2025,1,27
352350,ITATINGA,SP,2025-02-01,2025,2,27
352350,ITATINGA,SP,2025-03-01,2025,3,39
352350,ITATINGA,SP,2025-04-01,2025,4,35
352350,ITATINGA,SP,2025-05-01,2025,5,24
352350,ITATINGA,SP,2025-06-01,2025,6,23
352350,ITATINGA,SP,2025-07-01,2025,7,27
352350,ITATINGA,SP,2025-08-01,2025,8,36
352350,ITATINGA,SP,2025-09-01,2025,9,27
352350,ITATINGA,SP,2025-10-01,2025,10,27
352350,ITATINGA,SP,2025-11-01,2025,11,14
352350,ITATINGA,SP,2025-12-01,2025,12,20
352360,ITIRAPINA,SP,2025-01-01,2025,1,12
352360,ITIRAPINA,SP,2025-02-01,2025,2,10
352360,ITIRAPINA,SP,2025-03-01,2025,3,11
352360,ITIRAPINA,SP,2025-04-01,2025,4,13
352360,ITIRAPINA,SP,2025-05-01,2025,5,17
352360,ITIRAPINA,SP,2025-06-01,2025,6,17
352360,ITIRAPINA,SP,2025-07-01,2025,7,13
352360,ITIRAPINA,SP,2025-08-01,2025,8,8
352360,ITIRAPINA,SP,2025-09-01,2025,9,10
352360,ITIRAPINA,SP,2025-10-01,2025,10,12
352360,ITIRAPINA,SP,2025-11-01,2025,11,8
352360,ITIRAPINA,SP,2025-12-01,2025,12,7
352390,ITU,SP,2025-01-01,2025,1,742
352390,ITU,SP,2025-02-01,2025,2,732
352390,ITU,SP,2025-03-01,2025,3,802
352390,ITU,SP,2025-04-01,2025,4,863
352390,ITU,SP,2025-05-01,2025,5,833
352390,ITU,SP,2025-06-01,2025,6,762
352390,ITU,SP,2025-07-01,2025,7,764
352390,ITU,SP,2025-08-01,2025,8,776
352390,ITU,SP,2025-09-01,2025,9,718
352390,ITU,SP,2025-10-01,2025,10,694
352390,ITU,SP,2025-11-01,2025,11,670
352390,ITU,SP,2025-12-01,2025,12,630
352400,ITUPEVA,SP,2025-01-01,2025,1,153
352400,ITUPEVA,SP,2025-02-01,2025,2,191
352400,ITUPEVA,SP,2025-03-01,2025,3,216
352400,ITUPEVA,SP,2025-04-01,2025,4,179
352400,ITUPEVA,SP,2025-05-01,2025,5,205
352400,ITUPEVA,SP,2025-06-01,2025,6,191
352400,ITUPEVA,SP,2025-07-01,2025,7,204
352400,ITUPEVA,SP,2025-08-01,2025,8,180
352400,ITUPEVA,SP,2025-09-01,2025,9,179
352400,ITUPEVA,SP,2025-10-01,2025,10,181
352400,ITUPEVA,SP,2025-11-01,2025,11,187
352400,ITUPEVA,SP,2025-12-01,2025,12,100
352410,ITUVERAVA,SP,2025-01-01,2025,1,293
352410,ITUVERAVA,SP,2025-02-01,2025,2,282
352410,ITUVERAVA,SP,2025-03-01,2025,3,282
352410,ITUVERAVA,SP,2025-04-01,2025,4,336
352410,ITUVERAVA,SP,2025-05-01,2025,5,353
352410,ITUVERAVA,SP,2025-06-01,2025,6,308
352410,ITUVERAVA,SP,2025-07-01,2025,7,342
352410,ITUVERAVA,SP,2025-08-01,2025,8,392
352410,ITUVERAVA,SP,2025-09-01,2025,9,345
352410,ITUVERAVA,SP,2025-10-01,2025,10,355
352410,ITUVERAVA,SP,2025-11-01,2025,11,278
352410,ITUVERAVA,SP,2025-12-01,2025,12,276
352420,JABORANDI,SP,2025-01-01,2025,1,1
352420,JABORANDI,SP,2025-02-01,2025,2,6
352420,JABORANDI,SP,2025-03-01,2025,3,2
352420,JABORANDI,SP,2025-04-01,2025,4,4
352420,JABORANDI,SP,2025-05-01,2025,5,7
352420,JABORANDI,SP,2025-06-01,2025,6,3
352420,JABORANDI,SP,2025-07-01,2025,7,3
352420,JABORANDI,SP,2025-08-01,2025,8,3
352420,JABORANDI,SP,2025-09-01,2025,9,7
352420,JABORANDI,SP,2025-10-01,2025,10,7
352420,JABORANDI,SP,2025-11-01,2025,11,2
352420,JABORANDI,SP,2025-12-01,2025,12,6
352430,JABOTICABAL,SP,2025-01-01,2025,1,193
352430,JABOTICABAL,SP,2025-02-01,2025,2,185
352430,JABOTICABAL,SP,2025-03-01,2025,3,204
352430,JABOTICABAL,SP,2025-04-01,2025,4,189
352430,JABOTICABAL,SP,2025-05-01,2025,5,195
352430,JABOTICABAL,SP,2025-06-01,2025,6,166
352430,JABOTICABAL,SP,2025-07-01,2025,7,181
352430,JABOTICABAL,SP,2025-08-01,2025,8,156
352430,JABOTICABAL,SP,2025-09-01,2025,9,194
352430,JABOTICABAL,SP,2025-10-01,2025,10,182
352430,JABOTICABAL,SP,2025-11-01,2025,11,184
352430,JABOTICABAL,SP,2025-12-01,2025,12,154
352440,JACAREI,SP,2025-01-01,2025,1,1074
352440,JACAREI,SP,2025-02-01,2025,2,1055
352440,JACAREI,SP,2025-03-01,2025,3,1165
352440,JACAREI,SP,2025-04-01,2025,4,1156
352440,JACAREI,SP,2025-05-01,2025,5,1200
352440,JACAREI,SP,2025-06-01,2025,6,1183
352440,JACAREI,SP,2025-07-01,2025,7,1206
352440,JACAREI,SP,2025-08-01,2025,8,1332
352440,JACAREI,SP,2025-09-01,2025,9,1215
352440,JACAREI,SP,2025-10-01,2025,10,1311
352440,JACAREI,SP,2025-11-01,2025,11,1149
352440,JACAREI,SP,2025-12-01,2025,12,1161
352450,JACI,SP,2025-01-01,2025,1,63
352450,JACI,SP,2025-02-01,2025,2,80
352450,JACI,SP,2025-03-01,2025,3,56
352450,JACI,SP,2025-04-01,2025,4,80
352450,JACI,SP,2025-05-01,2025,5,52
352450,JACI,SP,2025-06-01,2025,6,53
352450,JACI,SP,2025-07-01,2025,7,64
352450,JACI,SP,2025-08-01,2025,8,59
352450,JACI,SP,2025-09-01,2025,9,58
352450,JACI,SP,2025-10-01,2025,10,59
352450,JACI,SP,2025-11-01,2025,11,54
352450,JACI,SP,2025-12-01,2025,12,43
352470,JAGUARIUNA,SP,2025-01-01,2025,1,230
352470,JAGUARIUNA,SP,2025-02-01,2025,2,273
352470,JAGUARIUNA,SP,2025-03-01,2025,3,302
352470,JAGUARIUNA,SP,2025-04-01,2025,4,350
352470,JAGUARIUNA,SP,2025-05-01,2025,5,360
352470,JAGUARIUNA,SP,2025-06-01,2025,6,404
352470,JAGUARIUNA,SP,2025-07-01,2025,7,390
352470,JAGUARIUNA,SP,2025-08-01,2025,8,333
352470,JAGUARIUNA,SP,2025-09-01,2025,9,319
352470,JAGUARIUNA,SP,2025-10-01,2025,10,330
352470,JAGUARIUNA,SP,2025-11-01,2025,11,331
352470,JAGUARIUNA,SP,2025-12-01,2025,12,288
352480,JALES,SP,2025-01-01,2025,1,762
352480,JALES,SP,2025-02-01,2025,2,678
352480,JALES,SP,2025-03-01,2025,3,731
352480,JALES,SP,2025-04-01,2025,4,724
352480,JALES,SP,2025-05-01,2025,5,735
352480,JALES,SP,2025-06-01,2025,6,717
352480,JALES,SP,2025-07-01,2025,7,801
352480,JALES,SP,2025-08-01,2025,8,704
352480,JALES,SP,2025-09-01,2025,9,719
352480,JALES,SP,2025-10-01,2025,10,735
352480,JALES,SP,2025-11-01,2025,11,579
352480,JALES,SP,2025-12-01,2025,12,806
352520,JARINU,SP,2025-01-01,2025,1,54
352520,JARINU,SP,2025-02-01,2025,2,57
352520,JARINU,SP,2025-03-01,2025,3,59
352520,JARINU,SP,2025-04-01,2025,4,80
352520,JARINU,SP,2025-05-01,2025,5,66
352520,JARINU,SP,2025-06-01,2025,6,43
352520,JARINU,SP,2025-07-01,2025,7,56
352520,JARINU,SP,2025-08-01,2025,8,59
352520,JARINU,SP,2025-09-01,2025,9,55
352520,JARINU,SP,2025-10-01,2025,10,49
352520,JARINU,SP,2025-11-01,2025,11,43
352520,JARINU,SP,2025-12-01,2025,12,51
352530,JAU,SP,2025-01-01,2025,1,2253
352530,JAU,SP,2025-02-01,2025,2,2094
352530,JAU,SP,2025-03-01,2025,3,2218
352530,JAU,SP,2025-04-01,2025,4,2287
352530,JAU,SP,2025-05-01,2025,5,2451
352530,JAU,SP,2025-06-01,2025,6,2308
352530,JAU,SP,2025-07-01,2025,7,2299
352530,JAU,SP,2025-08-01,2025,8,2167
352530,JAU,SP,2025-09-01,2025,9,2361
352530,JAU,SP,2025-10-01,2025,10,2481
352530,JAU,SP,2025-11-01,2025,11,2222
352530,JAU,SP,2025-12-01,2025,12,2190
352550,JOANOPOLIS,SP,2025-01-01,2025,1,19
352550,JOANOPOLIS,SP,2025-02-01,2025,2,20
352550,JOANOPOLIS,SP,2025-03-01,2025,3,12
352550,JOANOPOLIS,SP,2025-04-01,2025,4,18
352550,JOANOPOLIS,SP,2025-05-01,2025,5,27
352550,JOANOPOLIS,SP,2025-06-01,2025,6,17
352550,JOANOPOLIS,SP,2025-07-01,2025,7,12
352550,JOANOPOLIS,SP,2025-08-01,2025,8,14
352550,JOANOPOLIS,SP,2025-09-01,2025,9,16
352550,JOANOPOLIS,SP,2025-10-01,2025,10,16
352550,JOANOPOLIS,SP,2025-11-01,2025,11,23
352550,JOANOPOLIS,SP,2025-12-01,2025,12,23
352570,JOSE BONIFACIO,SP,2025-01-01,2025,1,194
352570,JOSE BONIFACIO,SP,2025-02-01,2025,2,252
352570,JOSE BONIFACIO,SP,2025-03-01,2025,3,191
352570,JOSE BONIFACIO,SP,2025-04-01,2025,4,149
352570,JOSE BONIFACIO,SP,2025-05-01,2025,5,225
352570,JOSE BONIFACIO,SP,2025-06-01,2025,6,180
352570,JOSE BONIFACIO,SP,2025-07-01,2025,7,184
352570,JOSE BONIFACIO,SP,2025-08-01,2025,8,191
352570,JOSE BONIFACIO,SP,2025-09-01,2025,9,193
352570,JOSE BONIFACIO,SP,2025-10-01,2025,10,201
352570,JOSE BONIFACIO,SP,2025-11-01,2025,11,200
352570,JOSE BONIFACIO,SP,2025-12-01,2025,12,195
352590,JUNDIAI,SP,2025-01-01,2025,1,3552
352590,JUNDIAI,SP,2025-02-01,2025,2,3617
352590,JUNDIAI,SP,2025-03-01,2025,3,3868
352590,JUNDIAI,SP,2025-04-01,2025,4,3531
352590,JUNDIAI,SP,2025-05-01,2025,5,3939
352590,JUNDIAI,SP,2025-06-01,2025,6,3584
352590,JUNDIAI,SP,2025-07-01,2025,7,3689
352590,JUNDIAI,SP,2025-08-01,2025,8,3430
352590,JUNDIAI,SP,2025-09-01,2025,9,3582
352590,JUNDIAI,SP,2025-10-01,2025,10,3468
352590,JUNDIAI,SP,2025-11-01,2025,11,3151
352590,JUNDIAI,SP,2025-12-01,2025,12,2887
352600,JUNQUEIROPOLIS,SP,2025-01-01,2025,1,80
352600,JUNQUEIROPOLIS,SP,2025-02-01,2025,2,93
352600,JUNQUEIROPOLIS,SP,2025-03-01,2025,3,112
352600,JUNQUEIROPOLIS,SP,2025-04-01,2025,4,98
352600,JUNQUEIROPOLIS,SP,2025-05-01,2025,5,116
352600,JUNQUEIROPOLIS,SP,2025-06-01,2025,6,101
352600,JUNQUEIROPOLIS,SP,2025-07-01,2025,7,98
352600,JUNQUEIROPOLIS,SP,2025-08-01,2025,8,101
352600,JUNQUEIROPOLIS,SP,2025-09-01,2025,9,119
352600,JUNQUEIROPOLIS,SP,2025-10-01,2025,10,116
352600,JUNQUEIROPOLIS,SP,2025-11-01,2025,11,84
352600,JUNQUEIROPOLIS,SP,2025-12-01,2025,12,102
352640,LARANJAL PAULISTA,SP,2025-01-01,2025,1,127
352640,LARANJAL PAULISTA,SP,2025-02-01,2025,2,141
352640,LARANJAL PAULISTA,SP,2025-03-01,2025,3,153
352640,LARANJAL PAULISTA,SP,2025-04-01,2025,4,141
352640,LARANJAL PAULISTA,SP,2025-05-01,2025,5,0
352640,LARANJAL PAULISTA,SP,2025-06-01,2025,6,123
352640,LARANJAL PAULISTA,SP,2025-07-01,2025,7,136
352640,LARANJAL PAULISTA,SP,2025-08-01,2025,8,129
352640,LARANJAL PAULISTA,SP,2025-09-01,2025,9,115
352640,LARANJAL PAULISTA,SP,2025-10-01,2025,10,119
352640,LARANJAL PAULISTA,SP,2025-11-01,2025,11,135
352640,LARANJAL PAULISTA,SP,2025-12-01,2025,12,142
352670,LEME,SP,2025-01-01,2025,1,471
352670,LEME,SP,2025-02-01,2025,2,424
352670,LEME,SP,2025-03-01,2025,3,434
352670,LEME,SP,2025-04-01,2025,4,516
352670,LEME,SP,2025-05-01,2025,5,523
352670,LEME,SP,2025-06-01,2025,6,507
352670,LEME,SP,2025-07-01,2025,7,456
352670,LEME,SP,2025-08-01,2025,8,475
352670,LEME,SP,2025-09-01,2025,9,442
352670,LEME,SP,2025-10-01,2025,10,471
352670,LEME,SP,2025-11-01,2025,11,449
352670,LEME,SP,2025-12-01,2025,12,472
352680,LENCOIS PAULISTA,SP,2025-01-01,2025,1,225
352680,LENCOIS PAULISTA,SP,2025-02-01,2025,2,209
352680,LENCOIS PAULISTA,SP,2025-03-01,2025,3,220
352680,LENCOIS PAULISTA,SP,2025-04-01,2025,4,241
352680,LENCOIS PAULISTA,SP,2025-05-01,2025,5,237
352680,LENCOIS PAULISTA,SP,2025-06-01,2025,6,214
352680,LENCOIS PAULISTA,SP,2025-07-01,2025,7,235
352680,LENCOIS PAULISTA,SP,2025-08-01,2025,8,240
352680,LENCOIS PAULISTA,SP,2025-09-01,2025,9,231
352680,LENCOIS PAULISTA,SP,2025-10-01,2025,10,274
352680,LENCOIS PAULISTA,SP,2025-11-01,2025,11,270
352680,LENCOIS PAULISTA,SP,2025-12-01,2025,12,260
352690,LIMEIRA,SP,2025-01-01,2025,1,1238
352690,LIMEIRA,SP,2025-02-01,2025,2,1336
352690,LIMEIRA,SP,2025-03-01,2025,3,1312
352690,LIMEIRA,SP,2025-04-01,2025,4,1363
352690,LIMEIRA,SP,2025-05-01,2025,5,1471
352690,LIMEIRA,SP,2025-06-01,2025,6,1341
352690,LIMEIRA,SP,2025-07-01,2025,7,1454
352690,LIMEIRA,SP,2025-08-01,2025,8,1373
352690,LIMEIRA,SP,2025-09-01,2025,9,1331
352690,LIMEIRA,SP,2025-10-01,2025,10,1469
352690,LIMEIRA,SP,2025-11-01,2025,11,1287
352690,LIMEIRA,SP,2025-12-01,2025,12,1277
352710,LINS,SP,2025-01-01,2025,1,554
352710,LINS,SP,2025-02-01,2025,2,557
352710,LINS,SP,2025-03-01,2025,3,562
352710,LINS,SP,2025-04-01,2025,4,625
352710,LINS,SP,2025-05-01,2025,5,567
352710,LINS,SP,2025-06-01,2025,6,612
352710,LINS,SP,2025-07-01,2025,7,663
352710,LINS,SP,2025-08-01,2025,8,608
352710,LINS,SP,2025-09-01,2025,9,689
352710,LINS,SP,2025-10-01,2025,10,724
352710,LINS,SP,2025-11-01,2025,11,636
352710,LINS,SP,2025-12-01,2025,12,667
352720,LORENA,SP,2025-01-01,2025,1,414
352720,LORENA,SP,2025-02-01,2025,2,421
352720,LORENA,SP,2025-03-01,2025,3,440
352720,LORENA,SP,2025-04-01,2025,4,421
352720,LORENA,SP,2025-05-01,2025,5,455
352720,LORENA,SP,2025-06-01,2025,6,405
352720,LORENA,SP,2025-07-01,2025,7,431
352720,LORENA,SP,2025-08-01,2025,8,429
352720,LORENA,SP,2025-09-01,2025,9,402
352720,LORENA,SP,2025-10-01,2025,10,386
352720,LORENA,SP,2025-11-01,2025,11,313
352720,LORENA,SP,2025-12-01,2025,12,405
352730,LOUVEIRA,SP,2025-01-01,2025,1,218
352730,LOUVEIRA,SP,2025-02-01,2025,2,184
352730,LOUVEIRA,SP,2025-03-01,2025,3,224
352730,LOUVEIRA,SP,2025-04-01,2025,4,257
352730,LOUVEIRA,SP,2025-05-01,2025,5,241
352730,LOUVEIRA,SP,2025-06-01,2025,6,226
352730,LOUVEIRA,SP,2025-07-01,2025,7,222
352730,LOUVEIRA,SP,2025-08-01,2025,8,239
352730,LOUVEIRA,SP,2025-09-01,2025,9,205
352730,LOUVEIRA,SP,2025-10-01,2025,10,208
352730,LOUVEIRA,SP,2025-11-01,2025,11,204
352730,LOUVEIRA,SP,2025-12-01,2025,12,232
352740,LUCELIA,SP,2025-01-01,2025,1,50
352740,LUCELIA,SP,2025-02-01,2025,2,43
352740,LUCELIA,SP,2025-03-01,2025,3,67
352740,LUCELIA,SP,2025-04-01,2025,4,73
352740,LUCELIA,SP,2025-05-01,2025,5,60
352740,LUCELIA,SP,2025-06-01,2025,6,52
352740,LUCELIA,SP,2025-07-01,2025,7,57
352740,LUCELIA,SP,2025-08-01,2025,8,63
352740,LUCELIA,SP,2025-09-01,2025,9,59
352740,LUCELIA,SP,2025-10-01,2025,10,47
352740,LUCELIA,SP,2025-11-01,2025,11,57
352740,LUCELIA,SP,2025-12-01,2025,12,51
352800,MACATUBA,SP,2025-01-01,2025,1,54
352800,MACATUBA,SP,2025-02-01,2025,2,73
352800,MACATUBA,SP,2025-03-01,2025,3,72
352800,MACATUBA,SP,2025-04-01,2025,4,85
352800,MACATUBA,SP,2025-05-01,2025,5,77
352800,MACATUBA,SP,2025-06-01,2025,6,97
352800,MACATUBA,SP,2025-07-01,2025,7,65
352800,MACATUBA,SP,2025-08-01,2025,8,68
352800,MACATUBA,SP,2025-09-01,2025,9,91
352800,MACATUBA,SP,2025-10-01,2025,10,76
352800,MACATUBA,SP,2025-11-01,2025,11,42
352800,MACATUBA,SP,2025-12-01,2025,12,60
352810,MACAUBAL,SP,2025-01-01,2025,1,12
352810,MACAUBAL,SP,2025-02-01,2025,2,13
352810,MACAUBAL,SP,2025-03-01,2025,3,10
352810,MACAUBAL,SP,2025-04-01,2025,4,11
352810,MACAUBAL,SP,2025-05-01,2025,5,10
352810,MACAUBAL,SP,2025-06-01,2025,6,13
352810,MACAUBAL,SP,2025-07-01,2025,7,11
352810,MACAUBAL,SP,2025-08-01,2025,8,8
352810,MACAUBAL,SP,2025-09-01,2025,9,6
352810,MACAUBAL,SP,2025-10-01,2025,10,8
352810,MACAUBAL,SP,2025-11-01,2025,11,6
352810,MACAUBAL,SP,2025-12-01,2025,12,3
352850,MAIRIPORA,SP,2025-01-01,2025,1,235
352850,MAIRIPORA,SP,2025-02-01,2025,2,254
352850,MAIRIPORA,SP,2025-03-01,2025,3,269
352850,MAIRIPORA,SP,2025-04-01,2025,4,289
352850,MAIRIPORA,SP,2025-05-01,2025,5,264
352850,MAIRIPORA,SP,2025-06-01,2025,6,260
352850,MAIRIPORA,SP,2025-07-01,2025,7,222
352850,MAIRIPORA,SP,2025-08-01,2025,8,231
352850,MAIRIPORA,SP,2025-09-01,2025,9,230
352850,MAIRIPORA,SP,2025-10-01,2025,10,251
352850,MAIRIPORA,SP,2025-11-01,2025,11,224
352850,MAIRIPORA,SP,2025-12-01,2025,12,241
352880,MARACAI,SP,2025-01-01,2025,1,63
352880,MARACAI,SP,2025-02-01,2025,2,74
352880,MARACAI,SP,2025-03-01,2025,3,66
352880,MARACAI,SP,2025-04-01,2025,4,85
352880,MARACAI,SP,2025-05-01,2025,5,74
352880,MARACAI,SP,2025-06-01,2025,6,84
352880,MARACAI,SP,2025-07-01,2025,7,105
352880,MARACAI,SP,2025-08-01,2025,8,71
352880,MARACAI,SP,2025-09-01,2025,9,81
352880,MARACAI,SP,2025-10-01,2025,10,73
352880,MARACAI,SP,2025-11-01,2025,11,70
352880,MARACAI,SP,2025-12-01,2025,12,56
352900,MARILIA,SP,2025-01-01,2025,1,2242
352900,MARILIA,SP,2025-02-01,2025,2,2241
352900,MARILIA,SP,2025-03-01,2025,3,2596
352900,MARILIA,SP,2025-04-01,2025,4,2568
352900,MARILIA,SP,2025-05-01,2025,5,2691
352900,MARILIA,SP,2025-06-01,2025,6,2564
352900,MARILIA,SP,2025-07-01,2025,7,2641
352900,MARILIA,SP,2025-08-01,2025,8,2608
352900,MARILIA,SP,2025-09-01,2025,9,2772
352900,MARILIA,SP,2025-10-01,2025,10,2742
352900,MARILIA,SP,2025-11-01,2025,11,2517
352900,MARILIA,SP,2025-12-01,2025,12,2578
352920,MARTINOPOLIS,SP,2025-01-01,2025,1,239
352920,MARTINOPOLIS,SP,2025-02-01,2025,2,245
352920,MARTINOPOLIS,SP,2025-03-01,2025,3,261
352920,MARTINOPOLIS,SP,2025-04-01,2025,4,226
352920,MARTINOPOLIS,SP,2025-05-01,2025,5,220
352920,MARTINOPOLIS,SP,2025-06-01,2025,6,216
352920,MARTINOPOLIS,SP,2025-07-01,2025,7,253
352920,MARTINOPOLIS,SP,2025-08-01,2025,8,238
352920,MARTINOPOLIS,SP,2025-09-01,2025,9,267
352920,MARTINOPOLIS,SP,2025-10-01,2025,10,246
352920,MARTINOPOLIS,SP,2025-11-01,2025,11,268
352920,MARTINOPOLIS,SP,2025-12-01,2025,12,277
352930,MATAO,SP,2025-01-01,2025,1,723
352930,MATAO,SP,2025-02-01,2025,2,612
352930,MATAO,SP,2025-03-01,2025,3,533
352930,MATAO,SP,2025-04-01,2025,4,496
352930,MATAO,SP,2025-05-01,2025,5,553
352930,MATAO,SP,2025-06-01,2025,6,539
352930,MATAO,SP,2025-07-01,2025,7,530
352930,MATAO,SP,2025-08-01,2025,8,515
352930,MATAO,SP,2025-09-01,2025,9,612
352930,MATAO,SP,2025-10-01,2025,10,519
352930,MATAO,SP,2025-11-01,2025,11,548
352930,MATAO,SP,2025-12-01,2025,12,481
352940,MAUA,SP,2025-01-01,2025,1,1302
352940,MAUA,SP,2025-02-01,2025,2,1039
352940,MAUA,SP,2025-03-01,2025,3,1240
352940,MAUA,SP,2025-04-01,2025,4,1079
352940,MAUA,SP,2025-05-01,2025,5,1245
352940,MAUA,SP,2025-06-01,2025,6,1083
352940,MAUA,SP,2025-07-01,2025,7,1193
352940,MAUA,SP,2025-08-01,2025,8,1177
352940,MAUA,SP,2025-09-01,2025,9,1153
352940,MAUA,SP,2025-10-01,2025,10,1112
352940,MAUA,SP,2025-11-01,2025,11,1026
352940,MAUA,SP,2025-12-01,2025,12,1140
352970,MIGUELOPOLIS,SP,2025-01-01,2025,1,76
352970,MIGUELOPOLIS,SP,2025-02-01,2025,2,53
352970,MIGUELOPOLIS,SP,2025-03-01,2025,3,96
352970,MIGUELOPOLIS,SP,2025-04-01,2025,4,66
352970,MIGUELOPOLIS,SP,2025-05-01,2025,5,82
352970,MIGUELOPOLIS,SP,2025-06-01,2025,6,111
352970,MIGUELOPOLIS,SP,2025-07-01,2025,7,126
352970,MIGUELOPOLIS,SP,2025-08-01,2025,8,123
352970,MIGUELOPOLIS,SP,2025-09-01,2025,9,102
352970,MIGUELOPOLIS,SP,2025-10-01,2025,10,104
352970,MIGUELOPOLIS,SP,2025-11-01,2025,11,71
352970,MIGUELOPOLIS,SP,2025-12-01,2025,12,89
353010,MIRANDOPOLIS,SP,2025-01-01,2025,1,253
353010,MIRANDOPOLIS,SP,2025-02-01,2025,2,281
353010,MIRANDOPOLIS,SP,2025-03-01,2025,3,302
353010,MIRANDOPOLIS,SP,2025-04-01,2025,4,311
353010,MIRANDOPOLIS,SP,2025-05-01,2025,5,341
353010,MIRANDOPOLIS,SP,2025-06-01,2025,6,241
353010,MIRANDOPOLIS,SP,2025-07-01,2025,7,219
353010,MIRANDOPOLIS,SP,2025-08-01,2025,8,366
353010,MIRANDOPOLIS,SP,2025-09-01,2025,9,281
353010,MIRANDOPOLIS,SP,2025-10-01,2025,10,318
353010,MIRANDOPOLIS,SP,2025-11-01,2025,11,236
353010,MIRANDOPOLIS,SP,2025-12-01,2025,12,265
353030,MIRASSOL,SP,2025-01-01,2025,1,211
353030,MIRASSOL,SP,2025-02-01,2025,2,211
353030,MIRASSOL,SP,2025-03-01,2025,3,243
353030,MIRASSOL,SP,2025-04-01,2025,4,218
353030,MIRASSOL,SP,2025-05-01,2025,5,183
353030,MIRASSOL,SP,2025-06-01,2025,6,162
353030,MIRASSOL,SP,2025-07-01,2025,7,189
353030,MIRASSOL,SP,2025-08-01,2025,8,182
353030,MIRASSOL,SP,2025-09-01,2025,9,180
353030,MIRASSOL,SP,2025-10-01,2025,10,59
353030,MIRASSOL,SP,2025-11-01,2025,11,0
353030,MIRASSOL,SP,2025-12-01,2025,12,0
353050,MOCOCA,SP,2025-01-01,2025,1,390
353050,MOCOCA,SP,2025-02-01,2025,2,407
353050,MOCOCA,SP,2025-03-01,2025,3,455
353050,MOCOCA,SP,2025-04-01,2025,4,467
353050,MOCOCA,SP,2025-05-01,2025,5,482
353050,MOCOCA,SP,2025-06-01,2025,6,452
353050,MOCOCA,SP,2025-07-01,2025,7,456
353050,MOCOCA,SP,2025-08-01,2025,8,451
353050,MOCOCA,SP,2025-09-01,2025,9,444
353050,MOCOCA,SP,2025-10-01,2025,10,447
353050,MOCOCA,SP,2025-11-01,2025,11,443
353050,MOCOCA,SP,2025-12-01,2025,12,417
353060,MOGI DAS CRUZES,SP,2025-01-01,2025,1,3008
353060,MOGI DAS CRUZES,SP,2025-02-01,2025,2,2645
353060,MOGI DAS CRUZES,SP,2025-03-01,2025,3,2753
353060,MOGI DAS CRUZES,SP,2025-04-01,2025,4,3191
353060,MOGI DAS CRUZES,SP,2025-05-01,2025,5,3303
353060,MOGI DAS CRUZES,SP,2025-06-01,2025,6,3058
353060,MOGI DAS CRUZES,SP,2025-07-01,2025,7,3505
353060,MOGI DAS CRUZES,SP,2025-08-01,2025,8,3254
353060,MOGI DAS CRUZES,SP,2025-09-01,2025,9,3099
353060,MOGI DAS CRUZES,SP,2025-10-01,2025,10,2855
353060,MOGI DAS CRUZES,SP,2025-11-01,2025,11,2924
353060,MOGI DAS CRUZES,SP,2025-12-01,2025,12,2588
353070,MOGI GUACU,SP,2025-01-01,2025,1,942
353070,MOGI GUACU,SP,2025-02-01,2025,2,829
353070,MOGI GUACU,SP,2025-03-01,2025,3,935
353070,MOGI GUACU,SP,2025-04-01,2025,4,839
353070,MOGI GUACU,SP,2025-05-01,2025,5,891
353070,MOGI GUACU,SP,2025-06-01,2025,6,874
353070,MOGI GUACU,SP,2025-07-01,2025,7,875
353070,MOGI GUACU,SP,2025-08-01,2025,8,847
353070,MOGI GUACU,SP,2025-09-01,2025,9,938
353070,MOGI GUACU,SP,2025-10-01,2025,10,835
353070,MOGI GUACU,SP,2025-11-01,2025,11,755
353070,MOGI GUACU,SP,2025-12-01,2025,12,751
353080,MOGI MIRIM,SP,2025-01-01,2025,1,399
353080,MOGI MIRIM,SP,2025-02-01,2025,2,406
353080,MOGI MIRIM,SP,2025-03-01,2025,3,481
353080,MOGI MIRIM,SP,2025-04-01,2025,4,451
353080,MOGI MIRIM,SP,2025-05-01,2025,5,469
353080,MOGI MIRIM,SP,2025-06-01,2025,6,532
353080,MOGI MIRIM,SP,2025-07-01,2025,7,469
353080,MOGI MIRIM,SP,2025-08-01,2025,8,426
353080,MOGI MIRIM,SP,2025-09-01,2025,9,389
353080,MOGI MIRIM,SP,2025-10-01,2025,10,423
353080,MOGI MIRIM,SP,2025-11-01,2025,11,427
353080,MOGI MIRIM,SP,2025-12-01,2025,12,436
353110,MONGAGUA,SP,2025-01-01,2025,1,152
353110,MONGAGUA,SP,2025-02-01,2025,2,86
353110,MONGAGUA,SP,2025-03-01,2025,3,91
353110,MONGAGUA,SP,2025-04-01,2025,4,83
353110,MONGAGUA,SP,2025-05-01,2025,5,107
353110,MONGAGUA,SP,2025-06-01,2025,6,134
353110,MONGAGUA,SP,2025-07-01,2025,7,104
353110,MONGAGUA,SP,2025-08-01,2025,8,92
353110,MONGAGUA,SP,2025-09-01,2025,9,72
353110,MONGAGUA,SP,2025-10-01,2025,10,81
353110,MONGAGUA,SP,2025-11-01,2025,11,78
353110,MONGAGUA,SP,2025-12-01,2025,12,82
353130,MONTE ALTO,SP,2025-01-01,2025,1,170
353130,MONTE ALTO,SP,2025-02-01,2025,2,195
353130,MONTE ALTO,SP,2025-03-01,2025,3,228
353130,MONTE ALTO,SP,2025-04-01,2025,4,240
353130,MONTE ALTO,SP,2025-05-01,2025,5,254
353130,MONTE ALTO,SP,2025-06-01,2025,6,219
353130,MONTE ALTO,SP,2025-07-01,2025,7,225
353130,MONTE ALTO,SP,2025-08-01,2025,8,232
353130,MONTE ALTO,SP,2025-09-01,2025,9,259
353130,MONTE ALTO,SP,2025-10-01,2025,10,215
353130,MONTE ALTO,SP,2025-11-01,2025,11,177
353130,MONTE ALTO,SP,2025-12-01,2025,12,226
353140,MONTE APRAZIVEL,SP,2025-01-01,2025,1,329
353140,MONTE APRAZIVEL,SP,2025-02-01,2025,2,259
353140,MONTE APRAZIVEL,SP,2025-03-01,2025,3,209
353140,MONTE APRAZIVEL,SP,2025-04-01,2025,4,232
353140,MONTE APRAZIVEL,SP,2025-05-01,2025,5,217
353140,MONTE APRAZIVEL,SP,2025-06-01,2025,6,185
353140,MONTE APRAZIVEL,SP,2025-07-01,2025,7,229
353140,MONTE APRAZIVEL,SP,2025-08-01,2025,8,297
353140,MONTE APRAZIVEL,SP,2025-09-01,2025,9,344
353140,MONTE APRAZIVEL,SP,2025-10-01,2025,10,308
353140,MONTE APRAZIVEL,SP,2025-11-01,2025,11,308
353140,MONTE APRAZIVEL,SP,2025-12-01,2025,12,275
353150,MONTE AZUL PAULISTA,SP,2025-01-01,2025,1,103
353150,MONTE AZUL PAULISTA,SP,2025-02-01,2025,2,111
353150,MONTE AZUL PAULISTA,SP,2025-03-01,2025,3,119
353150,MONTE AZUL PAULISTA,SP,2025-04-01,2025,4,145
353150,MONTE AZUL PAULISTA,SP,2025-05-01,2025,5,185
353150,MONTE AZUL PAULISTA,SP,2025-06-01,2025,6,131
353150,MONTE AZUL PAULISTA,SP,2025-07-01,2025,7,133
353150,MONTE AZUL PAULISTA,SP,2025-08-01,2025,8,151
353150,MONTE AZUL PAULISTA,SP,2025-09-01,2025,9,147
353150,MONTE AZUL PAULISTA,SP,2025-10-01,2025,10,130
353150,MONTE AZUL PAULISTA,SP,2025-11-01,2025,11,123
353150,MONTE AZUL PAULISTA,SP,2025-12-01,2025,12,141
353180,MONTE MOR,SP,2025-01-01,2025,1,88
353180,MONTE MOR,SP,2025-02-01,2025,2,77
353180,MONTE MOR,SP,2025-03-01,2025,3,103
353180,MONTE MOR,SP,2025-04-01,2025,4,109
353180,MONTE MOR,SP,2025-05-01,2025,5,117
353180,MONTE MOR,SP,2025-06-01,2025,6,91
353180,MONTE MOR,SP,2025-07-01,2025,7,118
353180,MONTE MOR,SP,2025-08-01,2025,8,109
353180,MONTE MOR,SP,2025-09-01,2025,9,90
353180,MONTE MOR,SP,2025-10-01,2025,10,84
353180,MONTE MOR,SP,2025-11-01,2025,11,107
353180,MONTE MOR,SP,2025-12-01,2025,12,91
353190,MORRO AGUDO,SP,2025-01-01,2025,1,136
353190,MORRO AGUDO,SP,2025-02-01,2025,2,147
353190,MORRO AGUDO,SP,2025-03-01,2025,3,155
353190,MORRO AGUDO,SP,2025-04-01,2025,4,178
353190,MORRO AGUDO,SP,2025-05-01,2025,5,183
353190,MORRO AGUDO,SP,2025-06-01,2025,6,167
353190,MORRO AGUDO,SP,2025-07-01,2025,7,149
353190,MORRO AGUDO,SP,2025-08-01,2025,8,155
353190,MORRO AGUDO,SP,2025-09-01,2025,9,141
353190,MORRO AGUDO,SP,2025-10-01,2025,10,144
353190,MORRO AGUDO,SP,2025-11-01,2025,11,134
353190,MORRO AGUDO,SP,2025-12-01,2025,12,164
353200,MORUNGABA,SP,2025-01-01,2025,1,15
353200,MORUNGABA,SP,2025-02-01,2025,2,12
353200,MORUNGABA,SP,2025-03-01,2025,3,15
353200,MORUNGABA,SP,2025-04-01,2025,4,14
353200,MORUNGABA,SP,2025-05-01,2025,5,18
353200,MORUNGABA,SP,2025-06-01,2025,6,27
353200,MORUNGABA,SP,2025-07-01,2025,7,32
353200,MORUNGABA,SP,2025-08-01,2025,8,15
353200,MORUNGABA,SP,2025-09-01,2025,9,27
353200,MORUNGABA,SP,2025-10-01,2025,10,19
353200,MORUNGABA,SP,2025-11-01,2025,11,25
353200,MORUNGABA,SP,2025-12-01,2025,12,18
353240,NAZARE PAULISTA,SP,2025-01-01,2025,1,36
353240,NAZARE PAULISTA,SP,2025-02-01,2025,2,43
353240,NAZARE PAULISTA,SP,2025-03-01,2025,3,44
353240,NAZARE PAULISTA,SP,2025-04-01,2025,4,36
353240,NAZARE PAULISTA,SP,2025-05-01,2025,5,52
353240,NAZARE PAULISTA,SP,2025-06-01,2025,6,48
353240,NAZARE PAULISTA,SP,2025-07-01,2025,7,43
353240,NAZARE PAULISTA,SP,2025-08-01,2025,8,48
353240,NAZARE PAULISTA,SP,2025-09-01,2025,9,36
353240,NAZARE PAULISTA,SP,2025-10-01,2025,10,38
353240,NAZARE PAULISTA,SP,2025-11-01,2025,11,30
353240,NAZARE PAULISTA,SP,2025-12-01,2025,12,34
353250,NEVES PAULISTA,SP,2025-01-01,2025,1,7
353250,NEVES PAULISTA,SP,2025-02-01,2025,2,3
353250,NEVES PAULISTA,SP,2025-03-01,2025,3,5
353250,NEVES PAULISTA,SP,2025-04-01,2025,4,3
353250,NEVES PAULISTA,SP,2025-05-01,2025,5,3
353250,NEVES PAULISTA,SP,2025-06-01,2025,6,7
353250,NEVES PAULISTA,SP,2025-07-01,2025,7,5
353250,NEVES PAULISTA,SP,2025-08-01,2025,8,5
353250,NEVES PAULISTA,SP,2025-09-01,2025,9,5
353250,NEVES PAULISTA,SP,2025-10-01,2025,10,6
353250,NEVES PAULISTA,SP,2025-11-01,2025,11,6
353250,NEVES PAULISTA,SP,2025-12-01,2025,12,7
353260,NHANDEARA,SP,2025-01-01,2025,1,202
353260,NHANDEARA,SP,2025-02-01,2025,2,215
353260,NHANDEARA,SP,2025-03-01,2025,3,206
353260,NHANDEARA,SP,2025-04-01,2025,4,189
353260,NHANDEARA,SP,2025-05-01,2025,5,237
353260,NHANDEARA,SP,2025-06-01,2025,6,251
353260,NHANDEARA,SP,2025-07-01,2025,7,213
353260,NHANDEARA,SP,2025-08-01,2025,8,234
353260,NHANDEARA,SP,2025-09-01,2025,9,221
353260,NHANDEARA,SP,2025-10-01,2025,10,235
353260,NHANDEARA,SP,2025-11-01,2025,11,208
353260,NHANDEARA,SP,2025-12-01,2025,12,248
353290,NOVA EUROPA,SP,2025-01-01,2025,1,29
353290,NOVA EUROPA,SP,2025-02-01,2025,2,25
353290,NOVA EUROPA,SP,2025-03-01,2025,3,25
353290,NOVA EUROPA,SP,2025-04-01,2025,4,30
353290,NOVA EUROPA,SP,2025-05-01,2025,5,38
353290,NOVA EUROPA,SP,2025-06-01,2025,6,34
353290,NOVA EUROPA,SP,2025-07-01,2025,7,12
353290,NOVA EUROPA,SP,2025-08-01,2025,8,34
353290,NOVA EUROPA,SP,2025-09-01,2025,9,33
353290,NOVA EUROPA,SP,2025-10-01,2025,10,28
353290,NOVA EUROPA,SP,2025-11-01,2025,11,24
353290,NOVA EUROPA,SP,2025-12-01,2025,12,37
353300,NOVA GRANADA,SP,2025-01-01,2025,1,164
353300,NOVA GRANADA,SP,2025-02-01,2025,2,164
353300,NOVA GRANADA,SP,2025-03-01,2025,3,221
353300,NOVA GRANADA,SP,2025-04-01,2025,4,209
353300,NOVA GRANADA,SP,2025-05-01,2025,5,200
353300,NOVA GRANADA,SP,2025-06-01,2025,6,172
353300,NOVA GRANADA,SP,2025-07-01,2025,7,168
353300,NOVA GRANADA,SP,2025-08-01,2025,8,163
353300,NOVA GRANADA,SP,2025-09-01,2025,9,163
353300,NOVA GRANADA,SP,2025-10-01,2025,10,178
353300,NOVA GRANADA,SP,2025-11-01,2025,11,177
353300,NOVA GRANADA,SP,2025-12-01,2025,12,160
353340,NOVA ODESSA,SP,2025-01-01,2025,1,76
353340,NOVA ODESSA,SP,2025-02-01,2025,2,103
353340,NOVA ODESSA,SP,2025-03-01,2025,3,145
353340,NOVA ODESSA,SP,2025-04-01,2025,4,125
353340,NOVA ODESSA,SP,2025-05-01,2025,5,133
353340,NOVA ODESSA,SP,2025-06-01,2025,6,130
353340,NOVA ODESSA,SP,2025-07-01,2025,7,134
353340,NOVA ODESSA,SP,2025-08-01,2025,8,158
353340,NOVA ODESSA,SP,2025-09-01,2025,9,128
353340,NOVA ODESSA,SP,2025-10-01,2025,10,128
353340,NOVA ODESSA,SP,2025-11-01,2025,11,128
353340,NOVA ODESSA,SP,2025-12-01,2025,12,133
353350,NOVO HORIZONTE,SP,2025-01-01,2025,1,219
353350,NOVO HORIZONTE,SP,2025-02-01,2025,2,250
353350,NOVO HORIZONTE,SP,2025-03-01,2025,3,221
353350,NOVO HORIZONTE,SP,2025-04-01,2025,4,209
353350,NOVO HORIZONTE,SP,2025-05-01,2025,5,246
353350,NOVO HORIZONTE,SP,2025-06-01,2025,6,234
353350,NOVO HORIZONTE,SP,2025-07-01,2025,7,203
353350,NOVO HORIZONTE,SP,2025-08-01,2025,8,215
353350,NOVO HORIZONTE,SP,2025-09-01,2025,9,212
353350,NOVO HORIZONTE,SP,2025-10-01,2025,10,170
353350,NOVO HORIZONTE,SP,2025-11-01,2025,11,184
353350,NOVO HORIZONTE,SP,2025-12-01,2025,12,170
353390,OLIMPIA,SP,2025-01-01,2025,1,407
353390,OLIMPIA,SP,2025-02-01,2025,2,279
353390,OLIMPIA,SP,2025-03-01,2025,3,355
353390,OLIMPIA,SP,2025-04-01,2025,4,363
353390,OLIMPIA,SP,2025-05-01,2025,5,369
353390,OLIMPIA,SP,2025-06-01,2025,6,363
353390,OLIMPIA,SP,2025-07-01,2025,7,337
353390,OLIMPIA,SP,2025-08-01,2025,8,336
353390,OLIMPIA,SP,2025-09-01,2025,9,296
353390,OLIMPIA,SP,2025-10-01,2025,10,303
353390,OLIMPIA,SP,2025-11-01,2025,11,248
353390,OLIMPIA,SP,2025-12-01,2025,12,295
353430,ORLANDIA,SP,2025-01-01,2025,1,176
353430,ORLANDIA,SP,2025-02-01,2025,2,197
353430,ORLANDIA,SP,2025-03-01,2025,3,211
353430,ORLANDIA,SP,2025-04-01,2025,4,192
353430,ORLANDIA,SP,2025-05-01,2025,5,212
353430,ORLANDIA,SP,2025-06-01,2025,6,208
353430,ORLANDIA,SP,2025-07-01,2025,7,195
353430,ORLANDIA,SP,2025-08-01,2025,8,146
353430,ORLANDIA,SP,2025-09-01,2025,9,266
353430,ORLANDIA,SP,2025-10-01,2025,10,293
353430,ORLANDIA,SP,2025-11-01,2025,11,222
353430,ORLANDIA,SP,2025-12-01,2025,12,248
353440,OSASCO,SP,2025-01-01,2025,1,2325
353440,OSASCO,SP,2025-02-01,2025,2,2104
353440,OSASCO,SP,2025-03-01,2025,3,2509
353440,OSASCO,SP,2025-04-01,2025,4,2447
353440,OSASCO,SP,2025-05-01,2025,5,2542
353440,OSASCO,SP,2025-06-01,2025,6,2458
353440,OSASCO,SP,2025-07-01,2025,7,2459
353440,OSASCO,SP,2025-08-01,2025,8,2347
353440,OSASCO,SP,2025-09-01,2025,9,2242
353440,OSASCO,SP,2025-10-01,2025,10,2330
353440,OSASCO,SP,2025-11-01,2025,11,2135
353440,OSASCO,SP,2025-12-01,2025,12,1996
353460,OSVALDO CRUZ,SP,2025-01-01,2025,1,226
353460,OSVALDO CRUZ,SP,2025-02-01,2025,2,233
353460,OSVALDO CRUZ,SP,2025-03-01,2025,3,231
353460,OSVALDO CRUZ,SP,2025-04-01,2025,4,258
353460,OSVALDO CRUZ,SP,2025-05-01,2025,5,263
353460,OSVALDO CRUZ,SP,2025-06-01,2025,6,219
353460,OSVALDO CRUZ,SP,2025-07-01,2025,7,226
353460,OSVALDO CRUZ,SP,2025-08-01,2025,8,208
353460,OSVALDO CRUZ,SP,2025-09-01,2025,9,222
353460,OSVALDO CRUZ,SP,2025-10-01,2025,10,232
353460,OSVALDO CRUZ,SP,2025-11-01,2025,11,184
353460,OSVALDO CRUZ,SP,2025-12-01,2025,12,203
353470,OURINHOS,SP,2025-01-01,2025,1,913
353470,OURINHOS,SP,2025-02-01,2025,2,828
353470,OURINHOS,SP,2025-03-01,2025,3,1008
353470,OURINHOS,SP,2025-04-01,2025,4,1048
353470,OURINHOS,SP,2025-05-01,2025,5,989
353470,OURINHOS,SP,2025-06-01,2025,6,851
353470,OURINHOS,SP,2025-07-01,2025,7,850
353470,OURINHOS,SP,2025-08-01,2025,8,938
353470,OURINHOS,SP,2025-09-01,2025,9,916
353470,OURINHOS,SP,2025-10-01,2025,10,894
353470,OURINHOS,SP,2025-11-01,2025,11,940
353470,OURINHOS,SP,2025-12-01,2025,12,922
353475,OUROESTE,SP,2025-01-01,2025,1,74
353475,OUROESTE,SP,2025-02-01,2025,2,88
353475,OUROESTE,SP,2025-03-01,2025,3,62
353475,OUROESTE,SP,2025-04-01,2025,4,68
353475,OUROESTE,SP,2025-05-01,2025,5,72
353475,OUROESTE,SP,2025-06-01,2025,6,53
353475,OUROESTE,SP,2025-07-01,2025,7,52
353475,OUROESTE,SP,2025-08-01,2025,8,50
353475,OUROESTE,SP,2025-09-01,2025,9,41
353475,OUROESTE,SP,2025-10-01,2025,10,57
353475,OUROESTE,SP,2025-11-01,2025,11,41
353475,OUROESTE,SP,2025-12-01,2025,12,44
353520,PALMEIRA D'OESTE,SP,2025-01-01,2025,1,88
353520,PALMEIRA D'OESTE,SP,2025-02-01,2025,2,70
353520,PALMEIRA D'OESTE,SP,2025-03-01,2025,3,63
353520,PALMEIRA D'OESTE,SP,2025-04-01,2025,4,41
353520,PALMEIRA D'OESTE,SP,2025-05-01,2025,5,53
353520,PALMEIRA D'OESTE,SP,2025-06-01,2025,6,49
353520,PALMEIRA D'OESTE,SP,2025-07-01,2025,7,52
353520,PALMEIRA D'OESTE,SP,2025-08-01,2025,8,57
353520,PALMEIRA D'OESTE,SP,2025-09-01,2025,9,71
353520,PALMEIRA D'OESTE,SP,2025-10-01,2025,10,83
353520,PALMEIRA D'OESTE,SP,2025-11-01,2025,11,72
353520,PALMEIRA D'OESTE,SP,2025-12-01,2025,12,40
353530,PALMITAL,SP,2025-01-01,2025,1,117
353530,PALMITAL,SP,2025-02-01,2025,2,160
353530,PALMITAL,SP,2025-03-01,2025,3,156
353530,PALMITAL,SP,2025-04-01,2025,4,213
353530,PALMITAL,SP,2025-05-01,2025,5,194
353530,PALMITAL,SP,2025-06-01,2025,6,170
353530,PALMITAL,SP,2025-07-01,2025,7,163
353530,PALMITAL,SP,2025-08-01,2025,8,188
353530,PALMITAL,SP,2025-09-01,2025,9,188
353530,PALMITAL,SP,2025-10-01,2025,10,152
353530,PALMITAL,SP,2025-11-01,2025,11,183
353530,PALMITAL,SP,2025-12-01,2025,12,169
353550,PARAGUACU PAULISTA,SP,2025-01-01,2025,1,533
353550,PARAGUACU PAULISTA,SP,2025-02-01,2025,2,597
353550,PARAGUACU PAULISTA,SP,2025-03-01,2025,3,420
353550,PARAGUACU PAULISTA,SP,2025-04-01,2025,4,511
353550,PARAGUACU PAULISTA,SP,2025-05-01,2025,5,597
353550,PARAGUACU PAULISTA,SP,2025-06-01,2025,6,427
353550,PARAGUACU PAULISTA,SP,2025-07-01,2025,7,449
353550,PARAGUACU PAULISTA,SP,2025-08-01,2025,8,436
353550,PARAGUACU PAULISTA,SP,2025-09-01,2025,9,422
353550,PARAGUACU PAULISTA,SP,2025-10-01,2025,10,667
353550,PARAGUACU PAULISTA,SP,2025-11-01,2025,11,338
353550,PARAGUACU PAULISTA,SP,2025-12-01,2025,12,359
353580,PARANAPANEMA,SP,2025-01-01,2025,1,58
353580,PARANAPANEMA,SP,2025-02-01,2025,2,39
353580,PARANAPANEMA,SP,2025-03-01,2025,3,63
353580,PARANAPANEMA,SP,2025-04-01,2025,4,70
353580,PARANAPANEMA,SP,2025-05-01,2025,5,83
353580,PARANAPANEMA,SP,2025-06-01,2025,6,49
353580,PARANAPANEMA,SP,2025-07-01,2025,7,75
353580,PARANAPANEMA,SP,2025-08-01,2025,8,75
353580,PARANAPANEMA,SP,2025-09-01,2025,9,71
353580,PARANAPANEMA,SP,2025-10-01,2025,10,67
353580,PARANAPANEMA,SP,2025-11-01,2025,11,64
353580,PARANAPANEMA,SP,2025-12-01,2025,12,51
353600,PARAPUA,SP,2025-01-01,2025,1,0
353600,PARAPUA,SP,2025-02-01,2025,2,0
353600,PARAPUA,SP,2025-03-01,2025,3,0
353600,PARAPUA,SP,2025-04-01,2025,4,0
353600,PARAPUA,SP,2025-05-01,2025,5,0
353600,PARAPUA,SP,2025-06-01,2025,6,0
353600,PARAPUA,SP,2025-07-01,2025,7,0
353600,PARAPUA,SP,2025-08-01,2025,8,0
353600,PARAPUA,SP,2025-09-01,2025,9,0
353600,PARAPUA,SP,2025-10-01,2025,10,42
353600,PARAPUA,SP,2025-11-01,2025,11,19
353600,PARAPUA,SP,2025-12-01,2025,12,46
353620,PARIQUERA-ACU,SP,2025-01-01,2025,1,891
353620,PARIQUERA-ACU,SP,2025-02-01,2025,2,789
353620,PARIQUERA-ACU,SP,2025-03-01,2025,3,994
353620,PARIQUERA-ACU,SP,2025-04-01,2025,4,793
353620,PARIQUERA-ACU,SP,2025-05-01,2025,5,886
353620,PARIQUERA-ACU,SP,2025-06-01,2025,6,809
353620,PARIQUERA-ACU,SP,2025-07-01,2025,7,756
353620,PARIQUERA-ACU,SP,2025-08-01,2025,8,821
353620,PARIQUERA-ACU,SP,2025-09-01,2025,9,822
353620,PARIQUERA-ACU,SP,2025-10-01,2025,10,754
353620,PARIQUERA-ACU,SP,2025-11-01,2025,11,782
353620,PARIQUERA-ACU,SP,2025-12-01,2025,12,754
353630,PATROCINIO PAULISTA,SP,2025-01-01,2025,1,62
353630,PATROCINIO PAULISTA,SP,2025-02-01,2025,2,55
353630,PATROCINIO PAULISTA,SP,2025-03-01,2025,3,79
353630,PATROCINIO PAULISTA,SP,2025-04-01,2025,4,101
353630,PATROCINIO PAULISTA,SP,2025-05-01,2025,5,91
353630,PATROCINIO PAULISTA,SP,2025-06-01,2025,6,68
353630,PATROCINIO PAULISTA,SP,2025-07-01,2025,7,68
353630,PATROCINIO PAULISTA,SP,2025-08-01,2025,8,81
353630,PATROCINIO PAULISTA,SP,2025-09-01,2025,9,68
353630,PATROCINIO PAULISTA,SP,2025-10-01,2025,10,104
353630,PATROCINIO PAULISTA,SP,2025-11-01,2025,11,78
353630,PATROCINIO PAULISTA,SP,2025-12-01,2025,12,67
353650,PAULINIA,SP,2025-01-01,2025,1,753
353650,PAULINIA,SP,2025-02-01,2025,2,621
353650,PAULINIA,SP,2025-03-01,2025,3,591
353650,PAULINIA,SP,2025-04-01,2025,4,717
353650,PAULINIA,SP,2025-05-01,2025,5,499
353650,PAULINIA,SP,2025-06-01,2025,6,622
353650,PAULINIA,SP,2025-07-01,2025,7,317
353650,PAULINIA,SP,2025-08-01,2025,8,397
353650,PAULINIA,SP,2025-09-01,2025,9,566
353650,PAULINIA,SP,2025-10-01,2025,10,374
353650,PAULINIA,SP,2025-11-01,2025,11,658
353650,PAULINIA,SP,2025-12-01,2025,12,767
353660,PAULO DE FARIA,SP,2025-01-01,2025,1,9
353660,PAULO DE FARIA,SP,2025-02-01,2025,2,17
353660,PAULO DE FARIA,SP,2025-03-01,2025,3,8
353660,PAULO DE FARIA,SP,2025-04-01,2025,4,10
353660,PAULO DE FARIA,SP,2025-05-01,2025,5,16
353660,PAULO DE FARIA,SP,2025-06-01,2025,6,13
353660,PAULO DE FARIA,SP,2025-07-01,2025,7,8
353660,PAULO DE FARIA,SP,2025-08-01,2025,8,11
353660,PAULO DE FARIA,SP,2025-09-01,2025,9,10
353660,PAULO DE FARIA,SP,2025-10-01,2025,10,4
353660,PAULO DE FARIA,SP,2025-11-01,2025,11,13
353660,PAULO DE FARIA,SP,2025-12-01,2025,12,17
353670,PEDERNEIRAS,SP,2025-01-01,2025,1,151
353670,PEDERNEIRAS,SP,2025-02-01,2025,2,167
353670,PEDERNEIRAS,SP,2025-03-01,2025,3,194
353670,PEDERNEIRAS,SP,2025-04-01,2025,4,209
353670,PEDERNEIRAS,SP,2025-05-01,2025,5,196
353670,PEDERNEIRAS,SP,2025-06-01,2025,6,184
353670,PEDERNEIRAS,SP,2025-07-01,2025,7,156
353670,PEDERNEIRAS,SP,2025-08-01,2025,8,190
353670,PEDERNEIRAS,SP,2025-09-01,2025,9,188
353670,PEDERNEIRAS,SP,2025-10-01,2025,10,93
353670,PEDERNEIRAS,SP,2025-11-01,2025,11,163
353670,PEDERNEIRAS,SP,2025-12-01,2025,12,130
353700,PEDREGULHO,SP,2025-01-01,2025,1,102
353700,PEDREGULHO,SP,2025-02-01,2025,2,92
353700,PEDREGULHO,SP,2025-03-01,2025,3,93
353700,PEDREGULHO,SP,2025-04-01,2025,4,123
353700,PEDREGULHO,SP,2025-05-01,2025,5,123
353700,PEDREGULHO,SP,2025-06-01,2025,6,129
353700,PEDREGULHO,SP,2025-07-01,2025,7,82
353700,PEDREGULHO,SP,2025-08-01,2025,8,106
353700,PEDREGULHO,SP,2025-09-01,2025,9,98
353700,PEDREGULHO,SP,2025-10-01,2025,10,88
353700,PEDREGULHO,SP,2025-11-01,2025,11,92
353700,PEDREGULHO,SP,2025-12-01,2025,12,100
353710,PEDREIRA,SP,2025-01-01,2025,1,68
353710,PEDREIRA,SP,2025-02-01,2025,2,60
353710,PEDREIRA,SP,2025-03-01,2025,3,88
353710,PEDREIRA,SP,2025-04-01,2025,4,98
353710,PEDREIRA,SP,2025-05-01,2025,5,90
353710,PEDREIRA,SP,2025-06-01,2025,6,88
353710,PEDREIRA,SP,2025-07-01,2025,7,88
353710,PEDREIRA,SP,2025-08-01,2025,8,100
353710,PEDREIRA,SP,2025-09-01,2025,9,103
353710,PEDREIRA,SP,2025-10-01,2025,10,89
353710,PEDREIRA,SP,2025-11-01,2025,11,102
353710,PEDREIRA,SP,2025-12-01,2025,12,101
353730,PENAPOLIS,SP,2025-01-01,2025,1,409
353730,PENAPOLIS,SP,2025-02-01,2025,2,476
353730,PENAPOLIS,SP,2025-03-01,2025,3,502
353730,PENAPOLIS,SP,2025-04-01,2025,4,517
353730,PENAPOLIS,SP,2025-05-01,2025,5,500
353730,PENAPOLIS,SP,2025-06-01,2025,6,522
353730,PENAPOLIS,SP,2025-07-01,2025,7,499
353730,PENAPOLIS,SP,2025-08-01,2025,8,480
353730,PENAPOLIS,SP,2025-09-01,2025,9,495
353730,PENAPOLIS,SP,2025-10-01,2025,10,505
353730,PENAPOLIS,SP,2025-11-01,2025,11,432
353730,PENAPOLIS,SP,2025-12-01,2025,12,555
353740,PEREIRA BARRETO,SP,2025-01-01,2025,1,87
353740,PEREIRA BARRETO,SP,2025-02-01,2025,2,87
353740,PEREIRA BARRETO,SP,2025-03-01,2025,3,55
353740,PEREIRA BARRETO,SP,2025-04-01,2025,4,75
353740,PEREIRA BARRETO,SP,2025-05-01,2025,5,79
353740,PEREIRA BARRETO,SP,2025-06-01,2025,6,53
353740,PEREIRA BARRETO,SP,2025-07-01,2025,7,75
353740,PEREIRA BARRETO,SP,2025-08-01,2025,8,62
353740,PEREIRA BARRETO,SP,2025-09-01,2025,9,74
353740,PEREIRA BARRETO,SP,2025-10-01,2025,10,77
353740,PEREIRA BARRETO,SP,2025-11-01,2025,11,88
353740,PEREIRA BARRETO,SP,2025-12-01,2025,12,112
353780,PIEDADE,SP,2025-01-01,2025,1,226
353780,PIEDADE,SP,2025-02-01,2025,2,320
353780,PIEDADE,SP,2025-03-01,2025,3,242
353780,PIEDADE,SP,2025-04-01,2025,4,222
353780,PIEDADE,SP,2025-05-01,2025,5,249
353780,PIEDADE,SP,2025-06-01,2025,6,282
353780,PIEDADE,SP,2025-07-01,2025,7,216
353780,PIEDADE,SP,2025-08-01,2025,8,284
353780,PIEDADE,SP,2025-09-01,2025,9,246
353780,PIEDADE,SP,2025-10-01,2025,10,254
353780,PIEDADE,SP,2025-11-01,2025,11,231
353780,PIEDADE,SP,2025-12-01,2025,12,250
353790,PILAR DO SUL,SP,2025-01-01,2025,1,94
353790,PILAR DO SUL,SP,2025-02-01,2025,2,64
353790,PILAR DO SUL,SP,2025-03-01,2025,3,72
353790,PILAR DO SUL,SP,2025-04-01,2025,4,100
353790,PILAR DO SUL,SP,2025-05-01,2025,5,60
353790,PILAR DO SUL,SP,2025-06-01,2025,6,116
353790,PILAR DO SUL,SP,2025-07-01,2025,7,78
353790,PILAR DO SUL,SP,2025-08-01,2025,8,89
353790,PILAR DO SUL,SP,2025-09-01,2025,9,97
353790,PILAR DO SUL,SP,2025-10-01,2025,10,90
353790,PILAR DO SUL,SP,2025-11-01,2025,11,70
353790,PILAR DO SUL,SP,2025-12-01,2025,12,70
353800,PINDAMONHANGABA,SP,2025-01-01,2025,1,670
353800,PINDAMONHANGABA,SP,2025-02-01,2025,2,602
353800,PINDAMONHANGABA,SP,2025-03-01,2025,3,688
353800,PINDAMONHANGABA,SP,2025-04-01,2025,4,522
353800,PINDAMONHANGABA,SP,2025-05-01,2025,5,530
353800,PINDAMONHANGABA,SP,2025-06-01,2025,6,368
353800,PINDAMONHANGABA,SP,2025-07-01,2025,7,444
353800,PINDAMONHANGABA,SP,2025-08-01,2025,8,512
353800,PINDAMONHANGABA,SP,2025-09-01,2025,9,554
353800,PINDAMONHANGABA,SP,2025-10-01,2025,10,725
353800,PINDAMONHANGABA,SP,2025-11-01,2025,11,561
353800,PINDAMONHANGABA,SP,2025-12-01,2025,12,625
353860,PIRACAIA,SP,2025-01-01,2025,1,43
353860,PIRACAIA,SP,2025-02-01,2025,2,29
353860,PIRACAIA,SP,2025-03-01,2025,3,44
353860,PIRACAIA,SP,2025-04-01,2025,4,33
353860,PIRACAIA,SP,2025-05-01,2025,5,55
353860,PIRACAIA,SP,2025-06-01,2025,6,49
353860,PIRACAIA,SP,2025-07-01,2025,7,41
353860,PIRACAIA,SP,2025-08-01,2025,8,40
353860,PIRACAIA,SP,2025-09-01,2025,9,40
353860,PIRACAIA,SP,2025-10-01,2025,10,37
353860,PIRACAIA,SP,2025-11-01,2025,11,31
353860,PIRACAIA,SP,2025-12-01,2025,12,43
353870,PIRACICABA,SP,2025-01-01,2025,1,2939
353870,PIRACICABA,SP,2025-02-01,2025,2,3238
353870,PIRACICABA,SP,2025-03-01,2025,3,3048
353870,PIRACICABA,SP,2025-04-01,2025,4,2872
353870,PIRACICABA,SP,2025-05-01,2025,5,3023
353870,PIRACICABA,SP,2025-06-01,2025,6,2980
353870,PIRACICABA,SP,2025-07-01,2025,7,2991
353870,PIRACICABA,SP,2025-08-01,2025,8,3070
353870,PIRACICABA,SP,2025-09-01,2025,9,3161
353870,PIRACICABA,SP,2025-10-01,2025,10,3189
353870,PIRACICABA,SP,2025-11-01,2025,11,3076
353870,PIRACICABA,SP,2025-12-01,2025,12,2451
353880,PIRAJU,SP,2025-01-01,2025,1,227
353880,PIRAJU,SP,2025-02-01,2025,2,137
353880,PIRAJU,SP,2025-03-01,2025,3,142
353880,PIRAJU,SP,2025-04-01,2025,4,173
353880,PIRAJU,SP,2025-05-01,2025,5,214
353880,PIRAJU,SP,2025-06-01,2025,6,158
353880,PIRAJU,SP,2025-07-01,2025,7,179
353880,PIRAJU,SP,2025-08-01,2025,8,170
353880,PIRAJU,SP,2025-09-01,2025,9,153
353880,PIRAJU,SP,2025-10-01,2025,10,164
353880,PIRAJU,SP,2025-11-01,2025,11,144
353880,PIRAJU,SP,2025-12-01,2025,12,197
353890,PIRAJUI,SP,2025-01-01,2025,1,120
353890,PIRAJUI,SP,2025-02-01,2025,2,135
353890,PIRAJUI,SP,2025-03-01,2025,3,155
353890,PIRAJUI,SP,2025-04-01,2025,4,162
353890,PIRAJUI,SP,2025-05-01,2025,5,183
353890,PIRAJUI,SP,2025-06-01,2025,6,146
353890,PIRAJUI,SP,2025-07-01,2025,7,158
353890,PIRAJUI,SP,2025-08-01,2025,8,138
353890,PIRAJUI,SP,2025-09-01,2025,9,99
353890,PIRAJUI,SP,2025-10-01,2025,10,85
353890,PIRAJUI,SP,2025-11-01,2025,11,93
353890,PIRAJUI,SP,2025-12-01,2025,12,87
353900,PIRANGI,SP,2025-01-01,2025,1,86
353900,PIRANGI,SP,2025-02-01,2025,2,104
353900,PIRANGI,SP,2025-03-01,2025,3,105
353900,PIRANGI,SP,2025-04-01,2025,4,121
353900,PIRANGI,SP,2025-05-01,2025,5,121
353900,PIRANGI,SP,2025-06-01,2025,6,88
353900,PIRANGI,SP,2025-07-01,2025,7,102
353900,PIRANGI,SP,2025-08-01,2025,8,128
353900,PIRANGI,SP,2025-09-01,2025,9,116
353900,PIRANGI,SP,2025-10-01,2025,10,149
353900,PIRANGI,SP,2025-11-01,2025,11,175
353900,PIRANGI,SP,2025-12-01,2025,12,115
353930,PIRASSUNUNGA,SP,2025-01-01,2025,1,182
353930,PIRASSUNUNGA,SP,2025-02-01,2025,2,172
353930,PIRASSUNUNGA,SP,2025-03-01,2025,3,231
353930,PIRASSUNUNGA,SP,2025-04-01,2025,4,242
353930,PIRASSUNUNGA,SP,2025-05-01,2025,5,268
353930,PIRASSUNUNGA,SP,2025-06-01,2025,6,219
353930,PIRASSUNUNGA,SP,2025-07-01,2025,7,238
353930,PIRASSUNUNGA,SP,2025-08-01,2025,8,207
353930,PIRASSUNUNGA,SP,2025-09-01,2025,9,230
353930,PIRASSUNUNGA,SP,2025-10-01,2025,10,234
353930,PIRASSUNUNGA,SP,2025-11-01,2025,11,222
353930,PIRASSUNUNGA,SP,2025-12-01,2025,12,221
353940,PIRATININGA,SP,2025-01-01,2025,1,42
353940,PIRATININGA,SP,2025-02-01,2025,2,15
353940,PIRATININGA,SP,2025-03-01,2025,3,29
353940,PIRATININGA,SP,2025-04-01,2025,4,34
353940,PIRATININGA,SP,2025-05-01,2025,5,45
353940,PIRATININGA,SP,2025-06-01,2025,6,22
353940,PIRATININGA,SP,2025-07-01,2025,7,42
353940,PIRATININGA,SP,2025-08-01,2025,8,24
353940,PIRATININGA,SP,2025-09-01,2025,9,19
353940,PIRATININGA,SP,2025-10-01,2025,10,21
353940,PIRATININGA,SP,2025-11-01,2025,11,20
353940,PIRATININGA,SP,2025-12-01,2025,12,22
353950,PITANGUEIRAS,SP,2025-01-01,2025,1,161
353950,PITANGUEIRAS,SP,2025-02-01,2025,2,140
353950,PITANGUEIRAS,SP,2025-03-01,2025,3,145
353950,PITANGUEIRAS,SP,2025-04-01,2025,4,140
353950,PITANGUEIRAS,SP,2025-05-01,2025,5,153
353950,PITANGUEIRAS,SP,2025-06-01,2025,6,143
353950,PITANGUEIRAS,SP,2025-07-01,2025,7,118
353950,PITANGUEIRAS,SP,2025-08-01,2025,8,131
353950,PITANGUEIRAS,SP,2025-09-01,2025,9,117
353950,PITANGUEIRAS,SP,2025-10-01,2025,10,114
353950,PITANGUEIRAS,SP,2025-11-01,2025,11,98
353950,PITANGUEIRAS,SP,2025-12-01,2025,12,120
354000,POMPEIA,SP,2025-01-01,2025,1,45
354000,POMPEIA,SP,2025-02-01,2025,2,55
354000,POMPEIA,SP,2025-03-01,2025,3,88
354000,POMPEIA,SP,2025-04-01,2025,4,66
354000,POMPEIA,SP,2025-05-01,2025,5,71
354000,POMPEIA,SP,2025-06-01,2025,6,66
354000,POMPEIA,SP,2025-07-01,2025,7,74
354000,POMPEIA,SP,2025-08-01,2025,8,72
354000,POMPEIA,SP,2025-09-01,2025,9,83
354000,POMPEIA,SP,2025-10-01,2025,10,66
354000,POMPEIA,SP,2025-11-01,2025,11,88
354000,POMPEIA,SP,2025-12-01,2025,12,27
354020,PONTAL,SP,2025-01-01,2025,1,169
354020,PONTAL,SP,2025-02-01,2025,2,160
354020,PONTAL,SP,2025-03-01,2025,3,91
354020,PONTAL,SP,2025-04-01,2025,4,160
354020,PONTAL,SP,2025-05-01,2025,5,131
354020,PONTAL,SP,2025-06-01,2025,6,116
354020,PONTAL,SP,2025-07-01,2025,7,123
354020,PONTAL,SP,2025-08-01,2025,8,111
354020,PONTAL,SP,2025-09-01,2025,9,99
354020,PONTAL,SP,2025-10-01,2025,10,77
354020,PONTAL,SP,2025-11-01,2025,11,175
354020,PONTAL,SP,2025-12-01,2025,12,132
354040,POPULINA,SP,2025-01-01,2025,1,22
354040,POPULINA,SP,2025-02-01,2025,2,18
354040,POPULINA,SP,2025-03-01,2025,3,13
354040,POPULINA,SP,2025-04-01,2025,4,13
354040,POPULINA,SP,2025-05-01,2025,5,18
354040,POPULINA,SP,2025-06-01,2025,6,7
354040,POPULINA,SP,2025-07-01,2025,7,18
354040,POPULINA,SP,2025-08-01,2025,8,10
354040,POPULINA,SP,2025-09-01,2025,9,10
354040,POPULINA,SP,2025-10-01,2025,10,12
354040,POPULINA,SP,2025-11-01,2025,11,11
354040,POPULINA,SP,2025-12-01,2025,12,13
354060,PORTO FELIZ,SP,2025-01-01,2025,1,244
354060,PORTO FELIZ,SP,2025-02-01,2025,2,90
354060,PORTO FELIZ,SP,2025-03-01,2025,3,316
354060,PORTO FELIZ,SP,2025-04-01,2025,4,193
354060,PORTO FELIZ,SP,2025-05-01,2025,5,175
354060,PORTO FELIZ,SP,2025-06-01,2025,6,703
354060,PORTO FELIZ,SP,2025-07-01,2025,7,472
354060,PORTO FELIZ,SP,2025-08-01,2025,8,472
354060,PORTO FELIZ,SP,2025-09-01,2025,9,407
354060,PORTO FELIZ,SP,2025-10-01,2025,10,375
354060,PORTO FELIZ,SP,2025-11-01,2025,11,323
354060,PORTO FELIZ,SP,2025-12-01,2025,12,287
354070,PORTO FERREIRA,SP,2025-01-01,2025,1,234
354070,PORTO FERREIRA,SP,2025-02-01,2025,2,206
354070,PORTO FERREIRA,SP,2025-03-01,2025,3,122
354070,PORTO FERREIRA,SP,2025-04-01,2025,4,221
354070,PORTO FERREIRA,SP,2025-05-01,2025,5,304
354070,PORTO FERREIRA,SP,2025-06-01,2025,6,232
354070,PORTO FERREIRA,SP,2025-07-01,2025,7,169
354070,PORTO FERREIRA,SP,2025-08-01,2025,8,189
354070,PORTO FERREIRA,SP,2025-09-01,2025,9,235
354070,PORTO FERREIRA,SP,2025-10-01,2025,10,257
354070,PORTO FERREIRA,SP,2025-11-01,2025,11,197
354070,PORTO FERREIRA,SP,2025-12-01,2025,12,197
354080,POTIRENDABA,SP,2025-01-01,2025,1,122
354080,POTIRENDABA,SP,2025-02-01,2025,2,106
354080,POTIRENDABA,SP,2025-03-01,2025,3,94
354080,POTIRENDABA,SP,2025-04-01,2025,4,78
354080,POTIRENDABA,SP,2025-05-01,2025,5,103
354080,POTIRENDABA,SP,2025-06-01,2025,6,87
354080,POTIRENDABA,SP,2025-07-01,2025,7,70
354080,POTIRENDABA,SP,2025-08-01,2025,8,110
354080,POTIRENDABA,SP,2025-09-01,2025,9,62
354080,POTIRENDABA,SP,2025-10-01,2025,10,65
354080,POTIRENDABA,SP,2025-11-01,2025,11,52
354080,POTIRENDABA,SP,2025-12-01,2025,12,56
354100,PRAIA GRANDE,SP,2025-01-01,2025,1,755
354100,PRAIA GRANDE,SP,2025-02-01,2025,2,745
354100,PRAIA GRANDE,SP,2025-03-01,2025,3,847
354100,PRAIA GRANDE,SP,2025-04-01,2025,4,885
354100,PRAIA GRANDE,SP,2025-05-01,2025,5,874
354100,PRAIA GRANDE,SP,2025-06-01,2025,6,832
354100,PRAIA GRANDE,SP,2025-07-01,2025,7,772
354100,PRAIA GRANDE,SP,2025-08-01,2025,8,769
354100,PRAIA GRANDE,SP,2025-09-01,2025,9,961
354100,PRAIA GRANDE,SP,2025-10-01,2025,10,1034
354100,PRAIA GRANDE,SP,2025-11-01,2025,11,943
354100,PRAIA GRANDE,SP,2025-12-01,2025,12,978
354120,PRESIDENTE BERNARDES,SP,2025-01-01,2025,1,106
354120,PRESIDENTE BERNARDES,SP,2025-02-01,2025,2,90
354120,PRESIDENTE BERNARDES,SP,2025-03-01,2025,3,108
354120,PRESIDENTE BERNARDES,SP,2025-04-01,2025,4,121
354120,PRESIDENTE BERNARDES,SP,2025-05-01,2025,5,127
354120,PRESIDENTE BERNARDES,SP,2025-06-01,2025,6,108
354120,PRESIDENTE BERNARDES,SP,2025-07-01,2025,7,121
354120,PRESIDENTE BERNARDES,SP,2025-08-01,2025,8,92
354120,PRESIDENTE BERNARDES,SP,2025-09-01,2025,9,104
354120,PRESIDENTE BERNARDES,SP,2025-10-01,2025,10,96
354120,PRESIDENTE BERNARDES,SP,2025-11-01,2025,11,101
354120,PRESIDENTE BERNARDES,SP,2025-12-01,2025,12,106
354130,PRESIDENTE EPITACIO,SP,2025-01-01,2025,1,258
354130,PRESIDENTE EPITACIO,SP,2025-02-01,2025,2,223
354130,PRESIDENTE EPITACIO,SP,2025-03-01,2025,3,256
354130,PRESIDENTE EPITACIO,SP,2025-04-01,2025,4,247
354130,PRESIDENTE EPITACIO,SP,2025-05-01,2025,5,265
354130,PRESIDENTE EPITACIO,SP,2025-06-01,2025,6,278
354130,PRESIDENTE EPITACIO,SP,2025-07-01,2025,7,298
354130,PRESIDENTE EPITACIO,SP,2025-08-01,2025,8,268
354130,PRESIDENTE EPITACIO,SP,2025-09-01,2025,9,232
354130,PRESIDENTE EPITACIO,SP,2025-10-01,2025,10,213
354130,PRESIDENTE EPITACIO,SP,2025-11-01,2025,11,226
354130,PRESIDENTE EPITACIO,SP,2025-12-01,2025,12,279
354140,PRESIDENTE PRUDENTE,SP,2025-01-01,2025,1,3400
354140,PRESIDENTE PRUDENTE,SP,2025-02-01,2025,2,3679
354140,PRESIDENTE PRUDENTE,SP,2025-03-01,2025,3,3696
354140,PRESIDENTE PRUDENTE,SP,2025-04-01,2025,4,3438
354140,PRESIDENTE PRUDENTE,SP,2025-05-01,2025,5,3888
354140,PRESIDENTE PRUDENTE,SP,2025-06-01,2025,6,3582
354140,PRESIDENTE PRUDENTE,SP,2025-07-01,2025,7,3676
354140,PRESIDENTE PRUDENTE,SP,2025-08-01,2025,8,3802
354140,PRESIDENTE PRUDENTE,SP,2025-09-01,2025,9,3816
354140,PRESIDENTE PRUDENTE,SP,2025-10-01,2025,10,3777
354140,PRESIDENTE PRUDENTE,SP,2025-11-01,2025,11,3522
354140,PRESIDENTE PRUDENTE,SP,2025-12-01,2025,12,3290
354150,PRESIDENTE VENCESLAU,SP,2025-01-01,2025,1,229
354150,PRESIDENTE VENCESLAU,SP,2025-02-01,2025,2,201
354150,PRESIDENTE VENCESLAU,SP,2025-03-01,2025,3,234
354150,PRESIDENTE VENCESLAU,SP,2025-04-01,2025,4,201
354150,PRESIDENTE VENCESLAU,SP,2025-05-01,2025,5,258
354150,PRESIDENTE VENCESLAU,SP,2025-06-01,2025,6,203
354150,PRESIDENTE VENCESLAU,SP,2025-07-01,2025,7,189
354150,PRESIDENTE VENCESLAU,SP,2025-08-01,2025,8,164
354150,PRESIDENTE VENCESLAU,SP,2025-09-01,2025,9,194
354150,PRESIDENTE VENCESLAU,SP,2025-10-01,2025,10,184
354150,PRESIDENTE VENCESLAU,SP,2025-11-01,2025,11,209
354150,PRESIDENTE VENCESLAU,SP,2025-12-01,2025,12,192
354160,PROMISSAO,SP,2025-01-01,2025,1,273
354160,PROMISSAO,SP,2025-02-01,2025,2,214
354160,PROMISSAO,SP,2025-03-01,2025,3,527
354160,PROMISSAO,SP,2025-04-01,2025,4,467
354160,PROMISSAO,SP,2025-05-01,2025,5,328
354160,PROMISSAO,SP,2025-06-01,2025,6,287
354160,PROMISSAO,SP,2025-07-01,2025,7,278
354160,PROMISSAO,SP,2025-08-01,2025,8,408
354160,PROMISSAO,SP,2025-09-01,2025,9,315
354160,PROMISSAO,SP,2025-10-01,2025,10,333
354160,PROMISSAO,SP,2025-11-01,2025,11,361
354160,PROMISSAO,SP,2025-12-01,2025,12,320
354190,QUELUZ,SP,2025-01-01,2025,1,16
354190,QUELUZ,SP,2025-02-01,2025,2,16
354190,QUELUZ,SP,2025-03-01,2025,3,14
354190,QUELUZ,SP,2025-04-01,2025,4,22
354190,QUELUZ,SP,2025-05-01,2025,5,22
354190,QUELUZ,SP,2025-06-01,2025,6,20
354190,QUELUZ,SP,2025-07-01,2025,7,11
354190,QUELUZ,SP,2025-08-01,2025,8,22
354190,QUELUZ,SP,2025-09-01,2025,9,20
354190,QUELUZ,SP,2025-10-01,2025,10,16
354190,QUELUZ,SP,2025-11-01,2025,11,10
354190,QUELUZ,SP,2025-12-01,2025,12,13
354220,RANCHARIA,SP,2025-01-01,2025,1,312
354220,RANCHARIA,SP,2025-02-01,2025,2,317
354220,RANCHARIA,SP,2025-03-01,2025,3,391
354220,RANCHARIA,SP,2025-04-01,2025,4,379
354220,RANCHARIA,SP,2025-05-01,2025,5,342
354220,RANCHARIA,SP,2025-06-01,2025,6,370
354220,RANCHARIA,SP,2025-07-01,2025,7,377
354220,RANCHARIA,SP,2025-08-01,2025,8,375
354220,RANCHARIA,SP,2025-09-01,2025,9,371
354220,RANCHARIA,SP,2025-10-01,2025,10,402
354220,RANCHARIA,SP,2025-11-01,2025,11,349
354220,RANCHARIA,SP,2025-12-01,2025,12,279
354240,REGENTE FEIJO,SP,2025-01-01,2025,1,66
354240,REGENTE FEIJO,SP,2025-02-01,2025,2,78
354240,REGENTE FEIJO,SP,2025-03-01,2025,3,148
354240,REGENTE FEIJO,SP,2025-04-01,2025,4,118
354240,REGENTE FEIJO,SP,2025-05-01,2025,5,158
354240,REGENTE FEIJO,SP,2025-06-01,2025,6,121
354240,REGENTE FEIJO,SP,2025-07-01,2025,7,79
354240,REGENTE FEIJO,SP,2025-08-01,2025,8,76
354240,REGENTE FEIJO,SP,2025-09-01,2025,9,79
354240,REGENTE FEIJO,SP,2025-10-01,2025,10,111
354240,REGENTE FEIJO,SP,2025-11-01,2025,11,58
354240,REGENTE FEIJO,SP,2025-12-01,2025,12,32
354260,REGISTRO,SP,2025-01-01,2025,1,722
354260,REGISTRO,SP,2025-02-01,2025,2,803
354260,REGISTRO,SP,2025-03-01,2025,3,793
354260,REGISTRO,SP,2025-04-01,2025,4,892
354260,REGISTRO,SP,2025-05-01,2025,5,986
354260,REGISTRO,SP,2025-06-01,2025,6,831
354260,REGISTRO,SP,2025-07-01,2025,7,915
354260,REGISTRO,SP,2025-08-01,2025,8,843
354260,REGISTRO,SP,2025-09-01,2025,9,751
354260,REGISTRO,SP,2025-10-01,2025,10,812
354260,REGISTRO,SP,2025-11-01,2025,11,505
354260,REGISTRO,SP,2025-12-01,2025,12,485
354290,RIBEIRAO BONITO,SP,2025-01-01,2025,1,14
354290,RIBEIRAO BONITO,SP,2025-02-01,2025,2,15
354290,RIBEIRAO BONITO,SP,2025-03-01,2025,3,16
354290,RIBEIRAO BONITO,SP,2025-04-01,2025,4,15
354290,RIBEIRAO BONITO,SP,2025-05-01,2025,5,39
354290,RIBEIRAO BONITO,SP,2025-06-01,2025,6,29
354290,RIBEIRAO BONITO,SP,2025-07-01,2025,7,31
354290,RIBEIRAO BONITO,SP,2025-08-01,2025,8,28
354290,RIBEIRAO BONITO,SP,2025-09-01,2025,9,29
354290,RIBEIRAO BONITO,SP,2025-10-01,2025,10,37
354290,RIBEIRAO BONITO,SP,2025-11-01,2025,11,49
354290,RIBEIRAO BONITO,SP,2025-12-01,2025,12,35
354300,RIBEIRAO BRANCO,SP,2025-01-01,2025,1,35
354300,RIBEIRAO BRANCO,SP,2025-02-01,2025,2,50
354300,RIBEIRAO BRANCO,SP,2025-03-01,2025,3,43
354300,RIBEIRAO BRANCO,SP,2025-04-01,2025,4,50
354300,RIBEIRAO BRANCO,SP,2025-05-01,2025,5,21
354300,RIBEIRAO BRANCO,SP,2025-06-01,2025,6,4
354300,RIBEIRAO BRANCO,SP,2025-07-01,2025,7,117
354300,RIBEIRAO BRANCO,SP,2025-08-01,2025,8,24
354300,RIBEIRAO BRANCO,SP,2025-09-01,2025,9,20
354300,RIBEIRAO BRANCO,SP,2025-10-01,2025,10,5
354300,RIBEIRAO BRANCO,SP,2025-11-01,2025,11,44
354300,RIBEIRAO BRANCO,SP,2025-12-01,2025,12,26
354330,RIBEIRAO PIRES,SP,2025-01-01,2025,1,140
354330,RIBEIRAO PIRES,SP,2025-02-01,2025,2,150
354330,RIBEIRAO PIRES,SP,2025-03-01,2025,3,144
354330,RIBEIRAO PIRES,SP,2025-04-01,2025,4,146
354330,RIBEIRAO PIRES,SP,2025-05-01,2025,5,156
354330,RIBEIRAO PIRES,SP,2025-06-01,2025,6,140
354330,RIBEIRAO PIRES,SP,2025-07-01,2025,7,134
354330,RIBEIRAO PIRES,SP,2025-08-01,2025,8,132
354330,RIBEIRAO PIRES,SP,2025-09-01,2025,9,186
354330,RIBEIRAO PIRES,SP,2025-10-01,2025,10,160
354330,RIBEIRAO PIRES,SP,2025-11-01,2025,11,177
354330,RIBEIRAO PIRES,SP,2025-12-01,2025,12,149
354340,RIBEIRAO PRETO,SP,2025-01-01,2025,1,7204
354340,RIBEIRAO PRETO,SP,2025-02-01,2025,2,7596
354340,RIBEIRAO PRETO,SP,2025-03-01,2025,3,7656
354340,RIBEIRAO PRETO,SP,2025-04-01,2025,4,7138
354340,RIBEIRAO PRETO,SP,2025-05-01,2025,5,7352
354340,RIBEIRAO PRETO,SP,2025-06-01,2025,6,7083
354340,RIBEIRAO PRETO,SP,2025-07-01,2025,7,7874
354340,RIBEIRAO PRETO,SP,2025-08-01,2025,8,8159
354340,RIBEIRAO PRETO,SP,2025-09-01,2025,9,8314
354340,RIBEIRAO PRETO,SP,2025-10-01,2025,10,8448
354340,RIBEIRAO PRETO,SP,2025-11-01,2025,11,8068
354340,RIBEIRAO PRETO,SP,2025-12-01,2025,12,7973
354380,RINOPOLIS,SP,2025-01-01,2025,1,17
354380,RINOPOLIS,SP,2025-02-01,2025,2,9
354380,RINOPOLIS,SP,2025-03-01,2025,3,19
354380,RINOPOLIS,SP,2025-04-01,2025,4,22
354380,RINOPOLIS,SP,2025-05-01,2025,5,28
354380,RINOPOLIS,SP,2025-06-01,2025,6,35
354380,RINOPOLIS,SP,2025-07-01,2025,7,22
354380,RINOPOLIS,SP,2025-08-01,2025,8,28
354380,RINOPOLIS,SP,2025-09-01,2025,9,31
354380,RINOPOLIS,SP,2025-10-01,2025,10,19
354380,RINOPOLIS,SP,2025-11-01,2025,11,22
354380,RINOPOLIS,SP,2025-12-01,2025,12,28
354390,RIO CLARO,SP,2025-01-01,2025,1,765
354390,RIO CLARO,SP,2025-02-01,2025,2,780
354390,RIO CLARO,SP,2025-03-01,2025,3,820
354390,RIO CLARO,SP,2025-04-01,2025,4,856
354390,RIO CLARO,SP,2025-05-01,2025,5,902
354390,RIO CLARO,SP,2025-06-01,2025,6,837
354390,RIO CLARO,SP,2025-07-01,2025,7,879
354390,RIO CLARO,SP,2025-08-01,2025,8,1049
354390,RIO CLARO,SP,2025-09-01,2025,9,989
354390,RIO CLARO,SP,2025-10-01,2025,10,978
354390,RIO CLARO,SP,2025-11-01,2025,11,929
354390,RIO CLARO,SP,2025-12-01,2025,12,1078
354400,RIO DAS PEDRAS,SP,2025-01-01,2025,1,65
354400,RIO DAS PEDRAS,SP,2025-02-01,2025,2,78
354400,RIO DAS PEDRAS,SP,2025-03-01,2025,3,83
354400,RIO DAS PEDRAS,SP,2025-04-01,2025,4,75
354400,RIO DAS PEDRAS,SP,2025-05-01,2025,5,77
354400,RIO DAS PEDRAS,SP,2025-06-01,2025,6,82
354400,RIO DAS PEDRAS,SP,2025-07-01,2025,7,78
354400,RIO DAS PEDRAS,SP,2025-08-01,2025,8,84
354400,RIO DAS PEDRAS,SP,2025-09-01,2025,9,81
354400,RIO DAS PEDRAS,SP,2025-10-01,2025,10,78
354400,RIO DAS PEDRAS,SP,2025-11-01,2025,11,77
354400,RIO DAS PEDRAS,SP,2025-12-01,2025,12,25
354420,RIOLANDIA,SP,2025-01-01,2025,1,6
354420,RIOLANDIA,SP,2025-02-01,2025,2,7
354420,RIOLANDIA,SP,2025-03-01,2025,3,20
354420,RIOLANDIA,SP,2025-04-01,2025,4,18
354420,RIOLANDIA,SP,2025-05-01,2025,5,22
354420,RIOLANDIA,SP,2025-06-01,2025,6,13
354420,RIOLANDIA,SP,2025-07-01,2025,7,21
354420,RIOLANDIA,SP,2025-08-01,2025,8,30
354420,RIOLANDIA,SP,2025-09-01,2025,9,16
354420,RIOLANDIA,SP,2025-10-01,2025,10,19
354420,RIOLANDIA,SP,2025-11-01,2025,11,19
354420,RIOLANDIA,SP,2025-12-01,2025,12,7
354425,ROSANA,SP,2025-01-01,2025,1,233
354425,ROSANA,SP,2025-02-01,2025,2,245
354425,ROSANA,SP,2025-03-01,2025,3,274
354425,ROSANA,SP,2025-04-01,2025,4,282
354425,ROSANA,SP,2025-05-01,2025,5,312
354425,ROSANA,SP,2025-06-01,2025,6,294
354425,ROSANA,SP,2025-07-01,2025,7,255
354425,ROSANA,SP,2025-08-01,2025,8,255
354425,ROSANA,SP,2025-09-01,2025,9,321
354425,ROSANA,SP,2025-10-01,2025,10,249
354425,ROSANA,SP,2025-11-01,2025,11,258
354425,ROSANA,SP,2025-12-01,2025,12,267
354490,SALES OLIVEIRA,SP,2025-01-01,2025,1,31
354490,SALES OLIVEIRA,SP,2025-02-01,2025,2,31
354490,SALES OLIVEIRA,SP,2025-03-01,2025,3,25
354490,SALES OLIVEIRA,SP,2025-04-01,2025,4,23
354490,SALES OLIVEIRA,SP,2025-05-01,2025,5,26
354490,SALES OLIVEIRA,SP,2025-06-01,2025,6,27
354490,SALES OLIVEIRA,SP,2025-07-01,2025,7,28
354490,SALES OLIVEIRA,SP,2025-08-01,2025,8,29
354490,SALES OLIVEIRA,SP,2025-09-01,2025,9,25
354490,SALES OLIVEIRA,SP,2025-10-01,2025,10,19
354490,SALES OLIVEIRA,SP,2025-11-01,2025,11,13
354490,SALES OLIVEIRA,SP,2025-12-01,2025,12,22
354500,SALESOPOLIS,SP,2025-01-01,2025,1,29
354500,SALESOPOLIS,SP,2025-02-01,2025,2,37
354500,SALESOPOLIS,SP,2025-03-01,2025,3,45
354500,SALESOPOLIS,SP,2025-04-01,2025,4,45
354500,SALESOPOLIS,SP,2025-05-01,2025,5,4
354500,SALESOPOLIS,SP,2025-06-01,2025,6,0
354500,SALESOPOLIS,SP,2025-07-01,2025,7,31
354500,SALESOPOLIS,SP,2025-08-01,2025,8,23
354500,SALESOPOLIS,SP,2025-09-01,2025,9,34
354500,SALESOPOLIS,SP,2025-10-01,2025,10,41
354500,SALESOPOLIS,SP,2025-11-01,2025,11,40
354500,SALESOPOLIS,SP,2025-12-01,2025,12,46
354520,SALTO,SP,2025-01-01,2025,1,418
354520,SALTO,SP,2025-02-01,2025,2,353
354520,SALTO,SP,2025-03-01,2025,3,403
354520,SALTO,SP,2025-04-01,2025,4,433
354520,SALTO,SP,2025-05-01,2025,5,448
354520,SALTO,SP,2025-06-01,2025,6,403
354520,SALTO,SP,2025-07-01,2025,7,580
354520,SALTO,SP,2025-08-01,2025,8,586
354520,SALTO,SP,2025-09-01,2025,9,603
354520,SALTO,SP,2025-10-01,2025,10,600
354520,SALTO,SP,2025-11-01,2025,11,548
354520,SALTO,SP,2025-12-01,2025,12,548
354530,SALTO DE PIRAPORA,SP,2025-01-01,2025,1,246
354530,SALTO DE PIRAPORA,SP,2025-02-01,2025,2,230
354530,SALTO DE PIRAPORA,SP,2025-03-01,2025,3,292
354530,SALTO DE PIRAPORA,SP,2025-04-01,2025,4,300
354530,SALTO DE PIRAPORA,SP,2025-05-01,2025,5,251
354530,SALTO DE PIRAPORA,SP,2025-06-01,2025,6,159
354530,SALTO DE PIRAPORA,SP,2025-07-01,2025,7,237
354530,SALTO DE PIRAPORA,SP,2025-08-01,2025,8,255
354530,SALTO DE PIRAPORA,SP,2025-09-01,2025,9,271
354530,SALTO DE PIRAPORA,SP,2025-10-01,2025,10,269
354530,SALTO DE PIRAPORA,SP,2025-11-01,2025,11,240
354530,SALTO DE PIRAPORA,SP,2025-12-01,2025,12,206
354540,SALTO GRANDE,SP,2025-01-01,2025,1,51
354540,SALTO GRANDE,SP,2025-02-01,2025,2,55
354540,SALTO GRANDE,SP,2025-03-01,2025,3,63
354540,SALTO GRANDE,SP,2025-04-01,2025,4,65
354540,SALTO GRANDE,SP,2025-05-01,2025,5,58
354540,SALTO GRANDE,SP,2025-06-01,2025,6,43
354540,SALTO GRANDE,SP,2025-07-01,2025,7,50
354540,SALTO GRANDE,SP,2025-08-01,2025,8,66
354540,SALTO GRANDE,SP,2025-09-01,2025,9,69
354540,SALTO GRANDE,SP,2025-10-01,2025,10,63
354540,SALTO GRANDE,SP,2025-11-01,2025,11,62
354540,SALTO GRANDE,SP,2025-12-01,2025,12,57
354560,SANTA ADELIA,SP,2025-01-01,2025,1,83
354560,SANTA ADELIA,SP,2025-02-01,2025,2,84
354560,SANTA ADELIA,SP,2025-03-01,2025,3,92
354560,SANTA ADELIA,SP,2025-04-01,2025,4,77
354560,SANTA ADELIA,SP,2025-05-01,2025,5,110
354560,SANTA ADELIA,SP,2025-06-01,2025,6,101
354560,SANTA ADELIA,SP,2025-07-01,2025,7,93
354560,SANTA ADELIA,SP,2025-08-01,2025,8,81
354560,SANTA ADELIA,SP,2025-09-01,2025,9,98
354560,SANTA ADELIA,SP,2025-10-01,2025,10,104
354560,SANTA ADELIA,SP,2025-11-01,2025,11,85
354560,SANTA ADELIA,SP,2025-12-01,2025,12,62
354580,SANTA BARBARA D'OESTE,SP,2025-01-01,2025,1,778
354580,SANTA BARBARA D'OESTE,SP,2025-02-01,2025,2,743
354580,SANTA BARBARA D'OESTE,SP,2025-03-01,2025,3,762
354580,SANTA BARBARA D'OESTE,SP,2025-04-01,2025,4,736
354580,SANTA BARBARA D'OESTE,SP,2025-05-01,2025,5,661
354580,SANTA BARBARA D'OESTE,SP,2025-06-01,2025,6,912
354580,SANTA BARBARA D'OESTE,SP,2025-07-01,2025,7,825
354580,SANTA BARBARA D'OESTE,SP,2025-08-01,2025,8,813
354580,SANTA BARBARA D'OESTE,SP,2025-09-01,2025,9,744
354580,SANTA BARBARA D'OESTE,SP,2025-10-01,2025,10,823
354580,SANTA BARBARA D'OESTE,SP,2025-11-01,2025,11,674
354580,SANTA BARBARA D'OESTE,SP,2025-12-01,2025,12,633
354630,SANTA CRUZ DAS PALMEIRAS,SP,2025-01-01,2025,1,86
354630,SANTA CRUZ DAS PALMEIRAS,SP,2025-02-01,2025,2,98
354630,SANTA CRUZ DAS PALMEIRAS,SP,2025-03-01,2025,3,108
354630,SANTA CRUZ DAS PALMEIRAS,SP,2025-04-01,2025,4,119
354630,SANTA CRUZ DAS PALMEIRAS,SP,2025-05-01,2025,5,127
354630,SANTA CRUZ DAS PALMEIRAS,SP,2025-06-01,2025,6,116
354630,SANTA CRUZ DAS PALMEIRAS,SP,2025-07-01,2025,7,112
354630,SANTA CRUZ DAS PALMEIRAS,SP,2025-08-01,2025,8,99
354630,SANTA CRUZ DAS PALMEIRAS,SP,2025-09-01,2025,9,94
354630,SANTA CRUZ DAS PALMEIRAS,SP,2025-10-01,2025,10,117
354630,SANTA CRUZ DAS PALMEIRAS,SP,2025-11-01,2025,11,93
354630,SANTA CRUZ DAS PALMEIRAS,SP,2025-12-01,2025,12,85
354640,SANTA CRUZ DO RIO PARDO,SP,2025-01-01,2025,1,277
354640,SANTA CRUZ DO RIO PARDO,SP,2025-02-01,2025,2,272
354640,SANTA CRUZ DO RIO PARDO,SP,2025-03-01,2025,3,366
354640,SANTA CRUZ DO RIO PARDO,SP,2025-04-01,2025,4,404
354640,SANTA CRUZ DO RIO PARDO,SP,2025-05-01,2025,5,394
354640,SANTA CRUZ DO RIO PARDO,SP,2025-06-01,2025,6,354
354640,SANTA CRUZ DO RIO PARDO,SP,2025-07-01,2025,7,421
354640,SANTA CRUZ DO RIO PARDO,SP,2025-08-01,2025,8,352
354640,SANTA CRUZ DO RIO PARDO,SP,2025-09-01,2025,9,375
354640,SANTA CRUZ DO RIO PARDO,SP,2025-10-01,2025,10,350
354640,SANTA CRUZ DO RIO PARDO,SP,2025-11-01,2025,11,335
354640,SANTA CRUZ DO RIO PARDO,SP,2025-12-01,2025,12,331
354660,SANTA FE DO SUL,SP,2025-01-01,2025,1,329
354660,SANTA FE DO SUL,SP,2025-02-01,2025,2,295
354660,SANTA FE DO SUL,SP,2025-03-01,2025,3,355
354660,SANTA FE DO SUL,SP,2025-04-01,2025,4,292
354660,SANTA FE DO SUL,SP,2025-05-01,2025,5,339
354660,SANTA FE DO SUL,SP,2025-06-01,2025,6,335
354660,SANTA FE DO SUL,SP,2025-07-01,2025,7,294
354660,SANTA FE DO SUL,SP,2025-08-01,2025,8,336
354660,SANTA FE DO SUL,SP,2025-09-01,2025,9,293
354660,SANTA FE DO SUL,SP,2025-10-01,2025,10,287
354660,SANTA FE DO SUL,SP,2025-11-01,2025,11,278
354660,SANTA FE DO SUL,SP,2025-12-01,2025,12,282
354680,SANTA ISABEL,SP,2025-01-01,2025,1,154
354680,SANTA ISABEL,SP,2025-02-01,2025,2,150
354680,SANTA ISABEL,SP,2025-03-01,2025,3,182
354680,SANTA ISABEL,SP,2025-04-01,2025,4,180
354680,SANTA ISABEL,SP,2025-05-01,2025,5,188
354680,SANTA ISABEL,SP,2025-06-01,2025,6,185
354680,SANTA ISABEL,SP,2025-07-01,2025,7,155
354680,SANTA ISABEL,SP,2025-08-01,2025,8,199
354680,SANTA ISABEL,SP,2025-09-01,2025,9,178
354680,SANTA ISABEL,SP,2025-10-01,2025,10,172
354680,SANTA ISABEL,SP,2025-11-01,2025,11,168
354680,SANTA ISABEL,SP,2025-12-01,2025,12,184
354730,SANTANA DE PARNAIBA,SP,2025-01-01,2025,1,286
354730,SANTANA DE PARNAIBA,SP,2025-02-01,2025,2,282
354730,SANTANA DE PARNAIBA,SP,2025-03-01,2025,3,317
354730,SANTANA DE PARNAIBA,SP,2025-04-01,2025,4,261
354730,SANTANA DE PARNAIBA,SP,2025-05-01,2025,5,286
354730,SANTANA DE PARNAIBA,SP,2025-06-01,2025,6,326
354730,SANTANA DE PARNAIBA,SP,2025-07-01,2025,7,370
354730,SANTANA DE PARNAIBA,SP,2025-08-01,2025,8,405
354730,SANTANA DE PARNAIBA,SP,2025-09-01,2025,9,343
354730,SANTANA DE PARNAIBA,SP,2025-10-01,2025,10,324
354730,SANTANA DE PARNAIBA,SP,2025-11-01,2025,11,314
354730,SANTANA DE PARNAIBA,SP,2025-12-01,2025,12,190
354750,SANTA RITA DO PASSA QUATRO,SP,2025-01-01,2025,1,151
354750,SANTA RITA DO PASSA QUATRO,SP,2025-02-01,2025,2,135
354750,SANTA RITA DO PASSA QUATRO,SP,2025-03-01,2025,3,167
354750,SANTA RITA DO PASSA QUATRO,SP,2025-04-01,2025,4,139
354750,SANTA RITA DO PASSA QUATRO,SP,2025-05-01,2025,5,173
354750,SANTA RITA DO PASSA QUATRO,SP,2025-06-01,2025,6,140
354750,SANTA RITA DO PASSA QUATRO,SP,2025-07-01,2025,7,154
354750,SANTA RITA DO PASSA QUATRO,SP,2025-08-01,2025,8,140
354750,SANTA RITA DO PASSA QUATRO,SP,2025-09-01,2025,9,126
354750,SANTA RITA DO PASSA QUATRO,SP,2025-10-01,2025,10,150
354750,SANTA RITA DO PASSA QUATRO,SP,2025-11-01,2025,11,143
354750,SANTA RITA DO PASSA QUATRO,SP,2025-12-01,2025,12,107
354760,SANTA ROSA DE VITERBO,SP,2025-01-01,2025,1,86
354760,SANTA ROSA DE VITERBO,SP,2025-02-01,2025,2,70
354760,SANTA ROSA DE VITERBO,SP,2025-03-01,2025,3,78
354760,SANTA ROSA DE VITERBO,SP,2025-04-01,2025,4,80
354760,SANTA ROSA DE VITERBO,SP,2025-05-01,2025,5,68
354760,SANTA ROSA DE VITERBO,SP,2025-06-01,2025,6,74
354760,SANTA ROSA DE VITERBO,SP,2025-07-01,2025,7,60
354760,SANTA ROSA DE VITERBO,SP,2025-08-01,2025,8,93
354760,SANTA ROSA DE VITERBO,SP,2025-09-01,2025,9,88
354760,SANTA ROSA DE VITERBO,SP,2025-10-01,2025,10,73
354760,SANTA ROSA DE VITERBO,SP,2025-11-01,2025,11,84
354760,SANTA ROSA DE VITERBO,SP,2025-12-01,2025,12,93
354770,SANTO ANASTACIO,SP,2025-01-01,2025,1,184
354770,SANTO ANASTACIO,SP,2025-02-01,2025,2,174
354770,SANTO ANASTACIO,SP,2025-03-01,2025,3,197
354770,SANTO ANASTACIO,SP,2025-04-01,2025,4,162
354770,SANTO ANASTACIO,SP,2025-05-01,2025,5,198
354770,SANTO ANASTACIO,SP,2025-06-01,2025,6,179
354770,SANTO ANASTACIO,SP,2025-07-01,2025,7,178
354770,SANTO ANASTACIO,SP,2025-08-01,2025,8,144
354770,SANTO ANASTACIO,SP,2025-09-01,2025,9,185
354770,SANTO ANASTACIO,SP,2025-10-01,2025,10,171
354770,SANTO ANASTACIO,SP,2025-11-01,2025,11,167
354770,SANTO ANASTACIO,SP,2025-12-01,2025,12,179
354780,SANTO ANDRE,SP,2025-01-01,2025,1,4000
354780,SANTO ANDRE,SP,2025-02-01,2025,2,3565
354780,SANTO ANDRE,SP,2025-03-01,2025,3,3848
354780,SANTO ANDRE,SP,2025-04-01,2025,4,3742
354780,SANTO ANDRE,SP,2025-05-01,2025,5,3740
354780,SANTO ANDRE,SP,2025-06-01,2025,6,3835
354780,SANTO ANDRE,SP,2025-07-01,2025,7,4102
354780,SANTO ANDRE,SP,2025-08-01,2025,8,3872
354780,SANTO ANDRE,SP,2025-09-01,2025,9,3918
354780,SANTO ANDRE,SP,2025-10-01,2025,10,3614
354780,SANTO ANDRE,SP,2025-11-01,2025,11,3580
354780,SANTO ANDRE,SP,2025-12-01,2025,12,2976
354790,SANTO ANTONIO DA ALEGRIA,SP,2025-01-01,2025,1,7
354790,SANTO ANTONIO DA ALEGRIA,SP,2025-02-01,2025,2,6
354790,SANTO ANTONIO DA ALEGRIA,SP,2025-03-01,2025,3,13
354790,SANTO ANTONIO DA ALEGRIA,SP,2025-04-01,2025,4,15
354790,SANTO ANTONIO DA ALEGRIA,SP,2025-05-01,2025,5,15
354790,SANTO ANTONIO DA ALEGRIA,SP,2025-06-01,2025,6,16
354790,SANTO ANTONIO DA ALEGRIA,SP,2025-07-01,2025,7,9
354790,SANTO ANTONIO DA ALEGRIA,SP,2025-08-01,2025,8,16
354790,SANTO ANTONIO DA ALEGRIA,SP,2025-09-01,2025,9,13
354790,SANTO ANTONIO DA ALEGRIA,SP,2025-10-01,2025,10,18
354790,SANTO ANTONIO DA ALEGRIA,SP,2025-11-01,2025,11,11
354790,SANTO ANTONIO DA ALEGRIA,SP,2025-12-01,2025,12,9
354850,SANTOS,SP,2025-01-01,2025,1,2647
354850,SANTOS,SP,2025-02-01,2025,2,2697
354850,SANTOS,SP,2025-03-01,2025,3,2959
354850,SANTOS,SP,2025-04-01,2025,4,2839
354850,SANTOS,SP,2025-05-01,2025,5,3051
354850,SANTOS,SP,2025-06-01,2025,6,2816
354850,SANTOS,SP,2025-07-01,2025,7,3046
354850,SANTOS,SP,2025-08-01,2025,8,2694
354850,SANTOS,SP,2025-09-01,2025,9,3047
354850,SANTOS,SP,2025-10-01,2025,10,2846
354850,SANTOS,SP,2025-11-01,2025,11,2688
354850,SANTOS,SP,2025-12-01,2025,12,2708
354860,SAO BENTO DO SAPUCAI,SP,2025-01-01,2025,1,35
354860,SAO BENTO DO SAPUCAI,SP,2025-02-01,2025,2,39
354860,SAO BENTO DO SAPUCAI,SP,2025-03-01,2025,3,31
354860,SAO BENTO DO SAPUCAI,SP,2025-04-01,2025,4,54
354860,SAO BENTO DO SAPUCAI,SP,2025-05-01,2025,5,30
354860,SAO BENTO DO SAPUCAI,SP,2025-06-01,2025,6,64
354860,SAO BENTO DO SAPUCAI,SP,2025-07-01,2025,7,63
354860,SAO BENTO DO SAPUCAI,SP,2025-08-01,2025,8,53
354860,SAO BENTO DO SAPUCAI,SP,2025-09-01,2025,9,43
354860,SAO BENTO DO SAPUCAI,SP,2025-10-01,2025,10,44
354860,SAO BENTO DO SAPUCAI,SP,2025-11-01,2025,11,40
354860,SAO BENTO DO SAPUCAI,SP,2025-12-01,2025,12,37
354870,SAO BERNARDO DO CAMPO,SP,2025-01-01,2025,1,3301
354870,SAO BERNARDO DO CAMPO,SP,2025-02-01,2025,2,3273
354870,SAO BERNARDO DO CAMPO,SP,2025-03-01,2025,3,3524
354870,SAO BERNARDO DO CAMPO,SP,2025-04-01,2025,4,3459
354870,SAO BERNARDO DO CAMPO,SP,2025-05-01,2025,5,4051
354870,SAO BERNARDO DO CAMPO,SP,2025-06-01,2025,6,3968
354870,SAO BERNARDO DO CAMPO,SP,2025-07-01,2025,7,3673
354870,SAO BERNARDO DO CAMPO,SP,2025-08-01,2025,8,3210
354870,SAO BERNARDO DO CAMPO,SP,2025-09-01,2025,9,3597
354870,SAO BERNARDO DO CAMPO,SP,2025-10-01,2025,10,3560
354870,SAO BERNARDO DO CAMPO,SP,2025-11-01,2025,11,3478
354870,SAO BERNARDO DO CAMPO,SP,2025-12-01,2025,12,2993
354880,SAO CAETANO DO SUL,SP,2025-01-01,2025,1,977
354880,SAO CAETANO DO SUL,SP,2025-02-01,2025,2,1006
354880,SAO CAETANO DO SUL,SP,2025-03-01,2025,3,1251
354880,SAO CAETANO DO SUL,SP,2025-04-01,2025,4,980
354880,SAO CAETANO DO SUL,SP,2025-05-01,2025,5,1126
354880,SAO CAETANO DO SUL,SP,2025-06-01,2025,6,1032
354880,SAO CAETANO DO SUL,SP,2025-07-01,2025,7,1240
354880,SAO CAETANO DO SUL,SP,2025-08-01,2025,8,1232
354880,SAO CAETANO DO SUL,SP,2025-09-01,2025,9,1369
354880,SAO CAETANO DO SUL,SP,2025-10-01,2025,10,1255
354880,SAO CAETANO DO SUL,SP,2025-11-01,2025,11,1251
354880,SAO CAETANO DO SUL,SP,2025-12-01,2025,12,1052
354890,SAO CARLOS,SP,2025-01-01,2025,1,1582
354890,SAO CARLOS,SP,2025-02-01,2025,2,1488
354890,SAO CARLOS,SP,2025-03-01,2025,3,1724
354890,SAO CARLOS,SP,2025-04-01,2025,4,1646
354890,SAO CARLOS,SP,2025-05-01,2025,5,1747
354890,SAO CARLOS,SP,2025-06-01,2025,6,1592
354890,SAO CARLOS,SP,2025-07-01,2025,7,1859
354890,SAO CARLOS,SP,2025-08-01,2025,8,1688
354890,SAO CARLOS,SP,2025-09-01,2025,9,1669
354890,SAO CARLOS,SP,2025-10-01,2025,10,1864
354890,SAO CARLOS,SP,2025-11-01,2025,11,1802
354890,SAO CARLOS,SP,2025-12-01,2025,12,2010
354910,SAO JOAO DA BOA VISTA,SP,2025-01-01,2025,1,562
354910,SAO JOAO DA BOA VISTA,SP,2025-02-01,2025,2,510
354910,SAO JOAO DA BOA VISTA,SP,2025-03-01,2025,3,542
354910,SAO JOAO DA BOA VISTA,SP,2025-04-01,2025,4,519
354910,SAO JOAO DA BOA VISTA,SP,2025-05-01,2025,5,634
354910,SAO JOAO DA BOA VISTA,SP,2025-06-01,2025,6,486
354910,SAO JOAO DA BOA VISTA,SP,2025-07-01,2025,7,608
354910,SAO JOAO DA BOA VISTA,SP,2025-08-01,2025,8,566
354910,SAO JOAO DA BOA VISTA,SP,2025-09-01,2025,9,553
354910,SAO JOAO DA BOA VISTA,SP,2025-10-01,2025,10,546
354910,SAO JOAO DA BOA VISTA,SP,2025-11-01,2025,11,522
354910,SAO JOAO DA BOA VISTA,SP,2025-12-01,2025,12,504
354940,SAO JOAQUIM DA BARRA,SP,2025-01-01,2025,1,249
354940,SAO JOAQUIM DA BARRA,SP,2025-02-01,2025,2,228
354940,SAO JOAQUIM DA BARRA,SP,2025-03-01,2025,3,295
354940,SAO JOAQUIM DA BARRA,SP,2025-04-01,2025,4,258
354940,SAO JOAQUIM DA BARRA,SP,2025-05-01,2025,5,309
354940,SAO JOAQUIM DA BARRA,SP,2025-06-01,2025,6,351
354940,SAO JOAQUIM DA BARRA,SP,2025-07-01,2025,7,375
354940,SAO JOAQUIM DA BARRA,SP,2025-08-01,2025,8,368
354940,SAO JOAQUIM DA BARRA,SP,2025-09-01,2025,9,340
354940,SAO JOAQUIM DA BARRA,SP,2025-10-01,2025,10,323
354940,SAO JOAQUIM DA BARRA,SP,2025-11-01,2025,11,308
354940,SAO JOAQUIM DA BARRA,SP,2025-12-01,2025,12,283
354970,SAO JOSE DO RIO PARDO,SP,2025-01-01,2025,1,373
354970,SAO JOSE DO RIO PARDO,SP,2025-02-01,2025,2,364
354970,SAO JOSE DO RIO PARDO,SP,2025-03-01,2025,3,377
354970,SAO JOSE DO RIO PARDO,SP,2025-04-01,2025,4,357
354970,SAO JOSE DO RIO PARDO,SP,2025-05-01,2025,5,397
354970,SAO JOSE DO RIO PARDO,SP,2025-06-01,2025,6,400
354970,SAO JOSE DO RIO PARDO,SP,2025-07-01,2025,7,386
354970,SAO JOSE DO RIO PARDO,SP,2025-08-01,2025,8,357
354970,SAO JOSE DO RIO PARDO,SP,2025-09-01,2025,9,342
354970,SAO JOSE DO RIO PARDO,SP,2025-10-01,2025,10,419
354970,SAO JOSE DO RIO PARDO,SP,2025-11-01,2025,11,344
354970,SAO JOSE DO RIO PARDO,SP,2025-12-01,2025,12,342
354980,SAO JOSE DO RIO PRETO,SP,2025-01-01,2025,1,8204
354980,SAO JOSE DO RIO PRETO,SP,2025-02-01,2025,2,7648
354980,SAO JOSE DO RIO PRETO,SP,2025-03-01,2025,3,7708
354980,SAO JOSE DO RIO PRETO,SP,2025-04-01,2025,4,7445
354980,SAO JOSE DO RIO PRETO,SP,2025-05-01,2025,5,7982
354980,SAO JOSE DO RIO PRETO,SP,2025-06-01,2025,6,7096
354980,SAO JOSE DO RIO PRETO,SP,2025-07-01,2025,7,7694
354980,SAO JOSE DO RIO PRETO,SP,2025-08-01,2025,8,8154
354980,SAO JOSE DO RIO PRETO,SP,2025-09-01,2025,9,8448
354980,SAO JOSE DO RIO PRETO,SP,2025-10-01,2025,10,8163
354980,SAO JOSE DO RIO PRETO,SP,2025-11-01,2025,11,8185
354980,SAO JOSE DO RIO PRETO,SP,2025-12-01,2025,12,7479
354990,SAO JOSE DOS CAMPOS,SP,2025-01-01,2025,1,4924
354990,SAO JOSE DOS CAMPOS,SP,2025-02-01,2025,2,4509
354990,SAO JOSE DOS CAMPOS,SP,2025-03-01,2025,3,5048
354990,SAO JOSE DOS CAMPOS,SP,2025-04-01,2025,4,4779
354990,SAO JOSE DOS CAMPOS,SP,2025-05-01,2025,5,4860
354990,SAO JOSE DOS CAMPOS,SP,2025-06-01,2025,6,5152
354990,SAO JOSE DOS CAMPOS,SP,2025-07-01,2025,7,5340
354990,SAO JOSE DOS CAMPOS,SP,2025-08-01,2025,8,5162
354990,SAO JOSE DOS CAMPOS,SP,2025-09-01,2025,9,4992
354990,SAO JOSE DOS CAMPOS,SP,2025-10-01,2025,10,5000
354990,SAO JOSE DOS CAMPOS,SP,2025-11-01,2025,11,4554
354990,SAO JOSE DOS CAMPOS,SP,2025-12-01,2025,12,4444
355000,SAO LUIS DO PARAITINGA,SP,2025-01-01,2025,1,8
355000,SAO LUIS DO PARAITINGA,SP,2025-02-01,2025,2,18
355000,SAO LUIS DO PARAITINGA,SP,2025-03-01,2025,3,9
355000,SAO LUIS DO PARAITINGA,SP,2025-04-01,2025,4,13
355000,SAO LUIS DO PARAITINGA,SP,2025-05-01,2025,5,12
355000,SAO LUIS DO PARAITINGA,SP,2025-06-01,2025,6,24
355000,SAO LUIS DO PARAITINGA,SP,2025-07-01,2025,7,19
355000,SAO LUIS DO PARAITINGA,SP,2025-08-01,2025,8,16
355000,SAO LUIS DO PARAITINGA,SP,2025-09-01,2025,9,16
355000,SAO LUIS DO PARAITINGA,SP,2025-10-01,2025,10,18
355000,SAO LUIS DO PARAITINGA,SP,2025-11-01,2025,11,16
355000,SAO LUIS DO PARAITINGA,SP,2025-12-01,2025,12,12
355010,SAO MANUEL,SP,2025-01-01,2025,1,185
355010,SAO MANUEL,SP,2025-02-01,2025,2,157
355010,SAO MANUEL,SP,2025-03-01,2025,3,193
355010,SAO MANUEL,SP,2025-04-01,2025,4,149
355010,SAO MANUEL,SP,2025-05-01,2025,5,177
355010,SAO MANUEL,SP,2025-06-01,2025,6,169
355010,SAO MANUEL,SP,2025-07-01,2025,7,172
355010,SAO MANUEL,SP,2025-08-01,2025,8,152
355010,SAO MANUEL,SP,2025-09-01,2025,9,153
355010,SAO MANUEL,SP,2025-10-01,2025,10,154
355010,SAO MANUEL,SP,2025-11-01,2025,11,144
355010,SAO MANUEL,SP,2025-12-01,2025,12,131
355020,SAO MIGUEL ARCANJO,SP,2025-01-01,2025,1,97
355020,SAO MIGUEL ARCANJO,SP,2025-02-01,2025,2,104
355020,SAO MIGUEL ARCANJO,SP,2025-03-01,2025,3,104
355020,SAO MIGUEL ARCANJO,SP,2025-04-01,2025,4,40
355020,SAO MIGUEL ARCANJO,SP,2025-05-01,2025,5,90
355020,SAO MIGUEL ARCANJO,SP,2025-06-01,2025,6,203
355020,SAO MIGUEL ARCANJO,SP,2025-07-01,2025,7,133
355020,SAO MIGUEL ARCANJO,SP,2025-08-01,2025,8,111
355020,SAO MIGUEL ARCANJO,SP,2025-09-01,2025,9,98
355020,SAO MIGUEL ARCANJO,SP,2025-10-01,2025,10,92
355020,SAO MIGUEL ARCANJO,SP,2025-11-01,2025,11,127
355020,SAO MIGUEL ARCANJO,SP,2025-12-01,2025,12,86
355030,SAO PAULO,SP,2025-01-01,2025,1,60593
355030,SAO PAULO,SP,2025-02-01,2025,2,58255
355030,SAO PAULO,SP,2025-03-01,2025,3,61041
355030,SAO PAULO,SP,2025-04-01,2025,4,62390
355030,SAO PAULO,SP,2025-05-01,2025,5,65735
355030,SAO PAULO,SP,2025-06-01,2025,6,63891
355030,SAO PAULO,SP,2025-07-01,2025,7,65416
355030,SAO PAULO,SP,2025-08-01,2025,8,64992
355030,SAO PAULO,SP,2025-09-01,2025,9,63706
355030,SAO PAULO,SP,2025-10-01,2025,10,65478
355030,SAO PAULO,SP,2025-11-01,2025,11,60993
355030,SAO PAULO,SP,2025-12-01,2025,12,57005
355040,SAO PEDRO,SP,2025-01-01,2025,1,268
355040,SAO PEDRO,SP,2025-02-01,2025,2,275
355040,SAO PEDRO,SP,2025-03-01,2025,3,308
355040,SAO PEDRO,SP,2025-04-01,2025,4,318
355040,SAO PEDRO,SP,2025-05-01,2025,5,336
355040,SAO PEDRO,SP,2025-06-01,2025,6,351
355040,SAO PEDRO,SP,2025-07-01,2025,7,379
355040,SAO PEDRO,SP,2025-08-01,2025,8,452
355040,SAO PEDRO,SP,2025-09-01,2025,9,373
355040,SAO PEDRO,SP,2025-10-01,2025,10,386
355040,SAO PEDRO,SP,2025-11-01,2025,11,377
355040,SAO PEDRO,SP,2025-12-01,2025,12,353
355060,SAO ROQUE,SP,2025-01-01,2025,1,368
355060,SAO ROQUE,SP,2025-02-01,2025,2,345
355060,SAO ROQUE,SP,2025-03-01,2025,3,446
355060,SAO ROQUE,SP,2025-04-01,2025,4,463
355060,SAO ROQUE,SP,2025-05-01,2025,5,275
355060,SAO ROQUE,SP,2025-06-01,2025,6,289
355060,SAO ROQUE,SP,2025-07-01,2025,7,302
355060,SAO ROQUE,SP,2025-08-01,2025,8,496
355060,SAO ROQUE,SP,2025-09-01,2025,9,481
355060,SAO ROQUE,SP,2025-10-01,2025,10,443
355060,SAO ROQUE,SP,2025-11-01,2025,11,402
355060,SAO ROQUE,SP,2025-12-01,2025,12,485
355070,SAO SEBASTIAO,SP,2025-01-01,2025,1,417
355070,SAO SEBASTIAO,SP,2025-02-01,2025,2,386
355070,SAO SEBASTIAO,SP,2025-03-01,2025,3,456
355070,SAO SEBASTIAO,SP,2025-04-01,2025,4,538
355070,SAO SEBASTIAO,SP,2025-05-01,2025,5,465
355070,SAO SEBASTIAO,SP,2025-06-01,2025,6,575
355070,SAO SEBASTIAO,SP,2025-07-01,2025,7,543
355070,SAO SEBASTIAO,SP,2025-08-01,2025,8,546
355070,SAO SEBASTIAO,SP,2025-09-01,2025,9,499
355070,SAO SEBASTIAO,SP,2025-10-01,2025,10,520
355070,SAO SEBASTIAO,SP,2025-11-01,2025,11,481
355070,SAO SEBASTIAO,SP,2025-12-01,2025,12,567
355080,SAO SEBASTIAO DA GRAMA,SP,2025-01-01,2025,1,37
355080,SAO SEBASTIAO DA GRAMA,SP,2025-02-01,2025,2,36
355080,SAO SEBASTIAO DA GRAMA,SP,2025-03-01,2025,3,60
355080,SAO SEBASTIAO DA GRAMA,SP,2025-04-01,2025,4,67
355080,SAO SEBASTIAO DA GRAMA,SP,2025-05-01,2025,5,47
355080,SAO SEBASTIAO DA GRAMA,SP,2025-06-01,2025,6,38
355080,SAO SEBASTIAO DA GRAMA,SP,2025-07-01,2025,7,66
355080,SAO SEBASTIAO DA GRAMA,SP,2025-08-01,2025,8,47
355080,SAO SEBASTIAO DA GRAMA,SP,2025-09-01,2025,9,44
355080,SAO SEBASTIAO DA GRAMA,SP,2025-10-01,2025,10,47
355080,SAO SEBASTIAO DA GRAMA,SP,2025-11-01,2025,11,55
355080,SAO SEBASTIAO DA GRAMA,SP,2025-12-01,2025,12,40
355090,SAO SIMAO,SP,2025-01-01,2025,1,34
355090,SAO SIMAO,SP,2025-02-01,2025,2,31
355090,SAO SIMAO,SP,2025-03-01,2025,3,32
355090,SAO SIMAO,SP,2025-04-01,2025,4,37
355090,SAO SIMAO,SP,2025-05-01,2025,5,41
355090,SAO SIMAO,SP,2025-06-01,2025,6,37
355090,SAO SIMAO,SP,2025-07-01,2025,7,38
355090,SAO SIMAO,SP,2025-08-01,2025,8,25
355090,SAO SIMAO,SP,2025-09-01,2025,9,23
355090,SAO SIMAO,SP,2025-10-01,2025,10,23
355090,SAO SIMAO,SP,2025-11-01,2025,11,27
355090,SAO SIMAO,SP,2025-12-01,2025,12,27
355100,SAO VICENTE,SP,2025-01-01,2025,1,952
355100,SAO VICENTE,SP,2025-02-01,2025,2,880
355100,SAO VICENTE,SP,2025-03-01,2025,3,932
355100,SAO VICENTE,SP,2025-04-01,2025,4,780
355100,SAO VICENTE,SP,2025-05-01,2025,5,897
355100,SAO VICENTE,SP,2025-06-01,2025,6,883
355100,SAO VICENTE,SP,2025-07-01,2025,7,1055
355100,SAO VICENTE,SP,2025-08-01,2025,8,962
355100,SAO VICENTE,SP,2025-09-01,2025,9,911
355100,SAO VICENTE,SP,2025-10-01,2025,10,719
355100,SAO VICENTE,SP,2025-11-01,2025,11,708
355100,SAO VICENTE,SP,2025-12-01,2025,12,672
355150,SERRANA,SP,2025-01-01,2025,1,348
355150,SERRANA,SP,2025-02-01,2025,2,395
355150,SERRANA,SP,2025-03-01,2025,3,376
355150,SERRANA,SP,2025-04-01,2025,4,308
355150,SERRANA,SP,2025-05-01,2025,5,370
355150,SERRANA,SP,2025-06-01,2025,6,319
355150,SERRANA,SP,2025-07-01,2025,7,313
355150,SERRANA,SP,2025-08-01,2025,8,347
355150,SERRANA,SP,2025-09-01,2025,9,301
355150,SERRANA,SP,2025-10-01,2025,10,356
355150,SERRANA,SP,2025-11-01,2025,11,281
355150,SERRANA,SP,2025-12-01,2025,12,218
355160,SERRA NEGRA,SP,2025-01-01,2025,1,142
355160,SERRA NEGRA,SP,2025-02-01,2025,2,159
355160,SERRA NEGRA,SP,2025-03-01,2025,3,140
355160,SERRA NEGRA,SP,2025-04-01,2025,4,165
355160,SERRA NEGRA,SP,2025-05-01,2025,5,170
355160,SERRA NEGRA,SP,2025-06-01,2025,6,155
355160,SERRA NEGRA,SP,2025-07-01,2025,7,197
355160,SERRA NEGRA,SP,2025-08-01,2025,8,204
355160,SERRA NEGRA,SP,2025-09-01,2025,9,225
355160,SERRA NEGRA,SP,2025-10-01,2025,10,252
355160,SERRA NEGRA,SP,2025-11-01,2025,11,190
355160,SERRA NEGRA,SP,2025-12-01,2025,12,170
355170,SERTAOZINHO,SP,2025-01-01,2025,1,603
355170,SERTAOZINHO,SP,2025-02-01,2025,2,563
355170,SERTAOZINHO,SP,2025-03-01,2025,3,529
355170,SERTAOZINHO,SP,2025-04-01,2025,4,539
355170,SERTAOZINHO,SP,2025-05-01,2025,5,562
355170,SERTAOZINHO,SP,2025-06-01,2025,6,503
355170,SERTAOZINHO,SP,2025-07-01,2025,7,598
355170,SERTAOZINHO,SP,2025-08-01,2025,8,563
355170,SERTAOZINHO,SP,2025-09-01,2025,9,549
355170,SERTAOZINHO,SP,2025-10-01,2025,10,620
355170,SERTAOZINHO,SP,2025-11-01,2025,11,527
355170,SERTAOZINHO,SP,2025-12-01,2025,12,464
355200,SILVEIRAS,SP,2025-01-01,2025,1,1
355200,SILVEIRAS,SP,2025-02-01,2025,2,1
355200,SILVEIRAS,SP,2025-03-01,2025,3,2
355200,SILVEIRAS,SP,2025-04-01,2025,4,3
355200,SILVEIRAS,SP,2025-05-01,2025,5,4
355200,SILVEIRAS,SP,2025-06-01,2025,6,5
355200,SILVEIRAS,SP,2025-07-01,2025,7,3
355200,SILVEIRAS,SP,2025-08-01,2025,8,1
355200,SILVEIRAS,SP,2025-09-01,2025,9,0
355200,SILVEIRAS,SP,2025-10-01,2025,10,2
355200,SILVEIRAS,SP,2025-11-01,2025,11,4
355200,SILVEIRAS,SP,2025-12-01,2025,12,3
355210,SOCORRO,SP,2025-01-01,2025,1,257
355210,SOCORRO,SP,2025-02-01,2025,2,237
355210,SOCORRO,SP,2025-03-01,2025,3,205
355210,SOCORRO,SP,2025-04-01,2025,4,188
355210,SOCORRO,SP,2025-05-01,2025,5,302
355210,SOCORRO,SP,2025-06-01,2025,6,277
355210,SOCORRO,SP,2025-07-01,2025,7,315
355210,SOCORRO,SP,2025-08-01,2025,8,384
355210,SOCORRO,SP,2025-09-01,2025,9,294
355210,SOCORRO,SP,2025-10-01,2025,10,243
355210,SOCORRO,SP,2025-11-01,2025,11,276
355210,SOCORRO,SP,2025-12-01,2025,12,386
355220,SOROCABA,SP,2025-01-01,2025,1,4780
355220,SOROCABA,SP,2025-02-01,2025,2,4889
355220,SOROCABA,SP,2025-03-01,2025,3,5127
355220,SOROCABA,SP,2025-04-01,2025,4,4805
355220,SOROCABA,SP,2025-05-01,2025,5,5818
355220,SOROCABA,SP,2025-06-01,2025,6,5018
355220,SOROCABA,SP,2025-07-01,2025,7,5286
355220,SOROCABA,SP,2025-08-01,2025,8,5324
355220,SOROCABA,SP,2025-09-01,2025,9,5456
355220,SOROCABA,SP,2025-10-01,2025,10,5267
355220,SOROCABA,SP,2025-11-01,2025,11,5015
355220,SOROCABA,SP,2025-12-01,2025,12,5166
355230,SUD MENNUCCI,SP,2025-01-01,2025,1,35
355230,SUD MENNUCCI,SP,2025-02-01,2025,2,32
355230,SUD MENNUCCI,SP,2025-03-01,2025,3,32
355230,SUD MENNUCCI,SP,2025-04-01,2025,4,23
355230,SUD MENNUCCI,SP,2025-05-01,2025,5,16
355230,SUD MENNUCCI,SP,2025-06-01,2025,6,28
355230,SUD MENNUCCI,SP,2025-07-01,2025,7,31
355230,SUD MENNUCCI,SP,2025-08-01,2025,8,21
355230,SUD MENNUCCI,SP,2025-09-01,2025,9,16
355230,SUD MENNUCCI,SP,2025-10-01,2025,10,12
355230,SUD MENNUCCI,SP,2025-11-01,2025,11,13
355230,SUD MENNUCCI,SP,2025-12-01,2025,12,18
355240,SUMARE,SP,2025-01-01,2025,1,1063
355240,SUMARE,SP,2025-02-01,2025,2,1088
355240,SUMARE,SP,2025-03-01,2025,3,1094
355240,SUMARE,SP,2025-04-01,2025,4,1064
355240,SUMARE,SP,2025-05-01,2025,5,1125
355240,SUMARE,SP,2025-06-01,2025,6,1160
355240,SUMARE,SP,2025-07-01,2025,7,1097
355240,SUMARE,SP,2025-08-01,2025,8,1169
355240,SUMARE,SP,2025-09-01,2025,9,1135
355240,SUMARE,SP,2025-10-01,2025,10,1062
355240,SUMARE,SP,2025-11-01,2025,11,1075
355240,SUMARE,SP,2025-12-01,2025,12,1008
355250,SUZANO,SP,2025-01-01,2025,1,712
355250,SUZANO,SP,2025-02-01,2025,2,723
355250,SUZANO,SP,2025-03-01,2025,3,840
355250,SUZANO,SP,2025-04-01,2025,4,799
355250,SUZANO,SP,2025-05-01,2025,5,863
355250,SUZANO,SP,2025-06-01,2025,6,749
355250,SUZANO,SP,2025-07-01,2025,7,808
355250,SUZANO,SP,2025-08-01,2025,8,750
355250,SUZANO,SP,2025-09-01,2025,9,747
355250,SUZANO,SP,2025-10-01,2025,10,773
355250,SUZANO,SP,2025-11-01,2025,11,769
355250,SUZANO,SP,2025-12-01,2025,12,710
355260,TABAPUA,SP,2025-01-01,2025,1,52
355260,TABAPUA,SP,2025-02-01,2025,2,65
355260,TABAPUA,SP,2025-03-01,2025,3,64
355260,TABAPUA,SP,2025-04-01,2025,4,70
355260,TABAPUA,SP,2025-05-01,2025,5,69
355260,TABAPUA,SP,2025-06-01,2025,6,59
355260,TABAPUA,SP,2025-07-01,2025,7,77
355260,TABAPUA,SP,2025-08-01,2025,8,62
355260,TABAPUA,SP,2025-09-01,2025,9,82
355260,TABAPUA,SP,2025-10-01,2025,10,73
355260,TABAPUA,SP,2025-11-01,2025,11,67
355260,TABAPUA,SP,2025-12-01,2025,12,86
355270,TABATINGA,SP,2025-01-01,2025,1,66
355270,TABATINGA,SP,2025-02-01,2025,2,68
355270,TABATINGA,SP,2025-03-01,2025,3,76
355270,TABATINGA,SP,2025-04-01,2025,4,80
355270,TABATINGA,SP,2025-05-01,2025,5,99
355270,TABATINGA,SP,2025-06-01,2025,6,74
355270,TABATINGA,SP,2025-07-01,2025,7,71
355270,TABATINGA,SP,2025-08-01,2025,8,118
355270,TABATINGA,SP,2025-09-01,2025,9,62
355270,TABATINGA,SP,2025-10-01,2025,10,74
355270,TABATINGA,SP,2025-11-01,2025,11,60
355270,TABATINGA,SP,2025-12-01,2025,12,81
355280,TABOAO DA SERRA,SP,2025-01-01,2025,1,1536
355280,TABOAO DA SERRA,SP,2025-02-01,2025,2,1507
355280,TABOAO DA SERRA,SP,2025-03-01,2025,3,1674
355280,TABOAO DA SERRA,SP,2025-04-01,2025,4,1756
355280,TABOAO DA SERRA,SP,2025-05-01,2025,5,1812
355280,TABOAO DA SERRA,SP,2025-06-01,2025,6,1769
355280,TABOAO DA SERRA,SP,2025-07-01,2025,7,1868
355280,TABOAO DA SERRA,SP,2025-08-01,2025,8,1731
355280,TABOAO DA SERRA,SP,2025-09-01,2025,9,1932
355280,TABOAO DA SERRA,SP,2025-10-01,2025,10,1733
355280,TABOAO DA SERRA,SP,2025-11-01,2025,11,1481
355280,TABOAO DA SERRA,SP,2025-12-01,2025,12,1436
355300,TAGUAI,SP,2025-01-01,2025,1,49
355300,TAGUAI,SP,2025-02-01,2025,2,44
355300,TAGUAI,SP,2025-03-01,2025,3,49
355300,TAGUAI,SP,2025-04-01,2025,4,55
355300,TAGUAI,SP,2025-05-01,2025,5,71
355300,TAGUAI,SP,2025-06-01,2025,6,68
355300,TAGUAI,SP,2025-07-01,2025,7,60
355300,TAGUAI,SP,2025-08-01,2025,8,61
355300,TAGUAI,SP,2025-09-01,2025,9,49
355300,TAGUAI,SP,2025-10-01,2025,10,49
355300,TAGUAI,SP,2025-11-01,2025,11,58
355300,TAGUAI,SP,2025-12-01,2025,12,42
355330,TAMBAU,SP,2025-01-01,2025,1,71
355330,TAMBAU,SP,2025-02-01,2025,2,82
355330,TAMBAU,SP,2025-03-01,2025,3,80
355330,TAMBAU,SP,2025-04-01,2025,4,92
355330,TAMBAU,SP,2025-05-01,2025,5,110
355330,TAMBAU,SP,2025-06-01,2025,6,104
355330,TAMBAU,SP,2025-07-01,2025,7,118
355330,TAMBAU,SP,2025-08-01,2025,8,119
355330,TAMBAU,SP,2025-09-01,2025,9,90
355330,TAMBAU,SP,2025-10-01,2025,10,91
355330,TAMBAU,SP,2025-11-01,2025,11,134
355330,TAMBAU,SP,2025-12-01,2025,12,111
355340,TANABI,SP,2025-01-01,2025,1,136
355340,TANABI,SP,2025-02-01,2025,2,123
355340,TANABI,SP,2025-03-01,2025,3,109
355340,TANABI,SP,2025-04-01,2025,4,108
355340,TANABI,SP,2025-05-01,2025,5,129
355340,TANABI,SP,2025-06-01,2025,6,86
355340,TANABI,SP,2025-07-01,2025,7,103
355340,TANABI,SP,2025-08-01,2025,8,98
355340,TANABI,SP,2025-09-01,2025,9,134
355340,TANABI,SP,2025-10-01,2025,10,144
355340,TANABI,SP,2025-11-01,2025,11,124
355340,TANABI,SP,2025-12-01,2025,12,123
355360,TAPIRATIBA,SP,2025-01-01,2025,1,23
355360,TAPIRATIBA,SP,2025-02-01,2025,2,24
355360,TAPIRATIBA,SP,2025-03-01,2025,3,22
355360,TAPIRATIBA,SP,2025-04-01,2025,4,31
355360,TAPIRATIBA,SP,2025-05-01,2025,5,27
355360,TAPIRATIBA,SP,2025-06-01,2025,6,27
355360,TAPIRATIBA,SP,2025-07-01,2025,7,32
355360,TAPIRATIBA,SP,2025-08-01,2025,8,29
355360,TAPIRATIBA,SP,2025-09-01,2025,9,35
355360,TAPIRATIBA,SP,2025-10-01,2025,10,28
355360,TAPIRATIBA,SP,2025-11-01,2025,11,28
355360,TAPIRATIBA,SP,2025-12-01,2025,12,37
355370,TAQUARITINGA,SP,2025-01-01,2025,1,333
355370,TAQUARITINGA,SP,2025-02-01,2025,2,381
355370,TAQUARITINGA,SP,2025-03-01,2025,3,411
355370,TAQUARITINGA,SP,2025-04-01,2025,4,354
355370,TAQUARITINGA,SP,2025-05-01,2025,5,429
355370,TAQUARITINGA,SP,2025-06-01,2025,6,397
355370,TAQUARITINGA,SP,2025-07-01,2025,7,380
355370,TAQUARITINGA,SP,2025-08-01,2025,8,384
355370,TAQUARITINGA,SP,2025-09-01,2025,9,371
355370,TAQUARITINGA,SP,2025-10-01,2025,10,351
355370,TAQUARITINGA,SP,2025-11-01,2025,11,331
355370,TAQUARITINGA,SP,2025-12-01,2025,12,340
355380,TAQUARITUBA,SP,2025-01-01,2025,1,167
355380,TAQUARITUBA,SP,2025-02-01,2025,2,147
355380,TAQUARITUBA,SP,2025-03-01,2025,3,175
355380,TAQUARITUBA,SP,2025-04-01,2025,4,196
355380,TAQUARITUBA,SP,2025-05-01,2025,5,173
355380,TAQUARITUBA,SP,2025-06-01,2025,6,177
355380,TAQUARITUBA,SP,2025-07-01,2025,7,184
355380,TAQUARITUBA,SP,2025-08-01,2025,8,175
355380,TAQUARITUBA,SP,2025-09-01,2025,9,150
355380,TAQUARITUBA,SP,2025-10-01,2025,10,191
355380,TAQUARITUBA,SP,2025-11-01,2025,11,170
355380,TAQUARITUBA,SP,2025-12-01,2025,12,141
355400,TATUI,SP,2025-01-01,2025,1,409
355400,TATUI,SP,2025-02-01,2025,2,352
355400,TATUI,SP,2025-03-01,2025,3,425
355400,TATUI,SP,2025-04-01,2025,4,398
355400,TATUI,SP,2025-05-01,2025,5,417
355400,TATUI,SP,2025-06-01,2025,6,431
355400,TATUI,SP,2025-07-01,2025,7,446
355400,TATUI,SP,2025-08-01,2025,8,390
355400,TATUI,SP,2025-09-01,2025,9,407
355400,TATUI,SP,2025-10-01,2025,10,436
355400,TATUI,SP,2025-11-01,2025,11,355
355400,TATUI,SP,2025-12-01,2025,12,362
355410,TAUBATE,SP,2025-01-01,2025,1,1904
355410,TAUBATE,SP,2025-02-01,2025,2,1894
355410,TAUBATE,SP,2025-03-01,2025,3,2162
355410,TAUBATE,SP,2025-04-01,2025,4,2202
355410,TAUBATE,SP,2025-05-01,2025,5,2121
355410,TAUBATE,SP,2025-06-01,2025,6,1878
355410,TAUBATE,SP,2025-07-01,2025,7,2145
355410,TAUBATE,SP,2025-08-01,2025,8,1851
355410,TAUBATE,SP,2025-09-01,2025,9,1934
355410,TAUBATE,SP,2025-10-01,2025,10,2090
355410,TAUBATE,SP,2025-11-01,2025,11,1769
355410,TAUBATE,SP,2025-12-01,2025,12,2204
355430,TEODORO SAMPAIO,SP,2025-01-01,2025,1,65
355430,TEODORO SAMPAIO,SP,2025-02-01,2025,2,97
355430,TEODORO SAMPAIO,SP,2025-03-01,2025,3,125
355430,TEODORO SAMPAIO,SP,2025-04-01,2025,4,100
355430,TEODORO SAMPAIO,SP,2025-05-01,2025,5,94
355430,TEODORO SAMPAIO,SP,2025-06-01,2025,6,112
355430,TEODORO SAMPAIO,SP,2025-07-01,2025,7,91
355430,TEODORO SAMPAIO,SP,2025-08-01,2025,8,127
355430,TEODORO SAMPAIO,SP,2025-09-01,2025,9,104
355430,TEODORO SAMPAIO,SP,2025-10-01,2025,10,97
355430,TEODORO SAMPAIO,SP,2025-11-01,2025,11,86
355430,TEODORO SAMPAIO,SP,2025-12-01,2025,12,90
355440,TERRA ROXA,SP,2025-01-01,2025,1,4
355440,TERRA ROXA,SP,2025-02-01,2025,2,2
355440,TERRA ROXA,SP,2025-03-01,2025,3,0
355440,TERRA ROXA,SP,2025-04-01,2025,4,8
355440,TERRA ROXA,SP,2025-05-01,2025,5,0
355440,TERRA ROXA,SP,2025-06-01,2025,6,3
355440,TERRA ROXA,SP,2025-07-01,2025,7,0
355440,TERRA ROXA,SP,2025-08-01,2025,8,7
355440,TERRA ROXA,SP,2025-09-01,2025,9,0
355440,TERRA ROXA,SP,2025-10-01,2025,10,8
355440,TERRA ROXA,SP,2025-11-01,2025,11,5
355440,TERRA ROXA,SP,2025-12-01,2025,12,2
355450,TIETE,SP,2025-01-01,2025,1,200
355450,TIETE,SP,2025-02-01,2025,2,181
355450,TIETE,SP,2025-03-01,2025,3,202
355450,TIETE,SP,2025-04-01,2025,4,179
355450,TIETE,SP,2025-05-01,2025,5,201
355450,TIETE,SP,2025-06-01,2025,6,204
355450,TIETE,SP,2025-07-01,2025,7,175
355450,TIETE,SP,2025-08-01,2025,8,194
355450,TIETE,SP,2025-09-01,2025,9,191
355450,TIETE,SP,2025-10-01,2025,10,202
355450,TIETE,SP,2025-11-01,2025,11,186
355450,TIETE,SP,2025-12-01,2025,12,197
355470,TORRINHA,SP,2025-01-01,2025,1,12
355470,TORRINHA,SP,2025-02-01,2025,2,3
355470,TORRINHA,SP,2025-03-01,2025,3,3
355470,TORRINHA,SP,2025-04-01,2025,4,14
355470,TORRINHA,SP,2025-05-01,2025,5,8
355470,TORRINHA,SP,2025-06-01,2025,6,11
355470,TORRINHA,SP,2025-07-01,2025,7,6
355470,TORRINHA,SP,2025-08-01,2025,8,5
355470,TORRINHA,SP,2025-09-01,2025,9,4
355470,TORRINHA,SP,2025-10-01,2025,10,8
355470,TORRINHA,SP,2025-11-01,2025,11,8
355470,TORRINHA,SP,2025-12-01,2025,12,0
355500,TUPA,SP,2025-01-01,2025,1,676
355500,TUPA,SP,2025-02-01,2025,2,580
355500,TUPA,SP,2025-03-01,2025,3,639
355500,TUPA,SP,2025-04-01,2025,4,675
355500,TUPA,SP,2025-05-01,2025,5,778
355500,TUPA,SP,2025-06-01,2025,6,749
355500,TUPA,SP,2025-07-01,2025,7,672
355500,TUPA,SP,2025-08-01,2025,8,688
355500,TUPA,SP,2025-09-01,2025,9,648
355500,TUPA,SP,2025-10-01,2025,10,709
355500,TUPA,SP,2025-11-01,2025,11,600
355500,TUPA,SP,2025-12-01,2025,12,618
355510,TUPI PAULISTA,SP,2025-01-01,2025,1,88
355510,TUPI PAULISTA,SP,2025-02-01,2025,2,88
355510,TUPI PAULISTA,SP,2025-03-01,2025,3,105
355510,TUPI PAULISTA,SP,2025-04-01,2025,4,95
355510,TUPI PAULISTA,SP,2025-05-01,2025,5,125
355510,TUPI PAULISTA,SP,2025-06-01,2025,6,102
355510,TUPI PAULISTA,SP,2025-07-01,2025,7,110
355510,TUPI PAULISTA,SP,2025-08-01,2025,8,116
355510,TUPI PAULISTA,SP,2025-09-01,2025,9,119
355510,TUPI PAULISTA,SP,2025-10-01,2025,10,109
355510,TUPI PAULISTA,SP,2025-11-01,2025,11,106
355510,TUPI PAULISTA,SP,2025-12-01,2025,12,103
355540,UBATUBA,SP,2025-01-01,2025,1,423
355540,UBATUBA,SP,2025-02-01,2025,2,401
355540,UBATUBA,SP,2025-03-01,2025,3,488
355540,UBATUBA,SP,2025-04-01,2025,4,449
355540,UBATUBA,SP,2025-05-01,2025,5,457
355540,UBATUBA,SP,2025-06-01,2025,6,470
355540,UBATUBA,SP,2025-07-01,2025,7,229
355540,UBATUBA,SP,2025-08-01,2025,8,495
355540,UBATUBA,SP,2025-09-01,2025,9,451
355540,UBATUBA,SP,2025-10-01,2025,10,446
355540,UBATUBA,SP,2025-11-01,2025,11,397
355540,UBATUBA,SP,2025-12-01,2025,12,256
355580,URANIA,SP,2025-01-01,2025,1,33
355580,URANIA,SP,2025-02-01,2025,2,32
355580,URANIA,SP,2025-03-01,2025,3,29
355580,URANIA,SP,2025-04-01,2025,4,12
355580,URANIA,SP,2025-05-01,2025,5,32
355580,URANIA,SP,2025-06-01,2025,6,21
355580,URANIA,SP,2025-07-01,2025,7,29
355580,URANIA,SP,2025-08-01,2025,8,29
355580,URANIA,SP,2025-09-01,2025,9,28
355580,URANIA,SP,2025-10-01,2025,10,24
355580,URANIA,SP,2025-11-01,2025,11,33
355580,URANIA,SP,2025-12-01,2025,12,23
355600,URUPES,SP,2025-01-01,2025,1,61
355600,URUPES,SP,2025-02-01,2025,2,38
355600,URUPES,SP,2025-03-01,2025,3,31
355600,URUPES,SP,2025-04-01,2025,4,29
355600,URUPES,SP,2025-05-01,2025,5,83
355600,URUPES,SP,2025-06-01,2025,6,76
355600,URUPES,SP,2025-07-01,2025,7,87
355600,URUPES,SP,2025-08-01,2025,8,90
355600,URUPES,SP,2025-09-01,2025,9,79
355600,URUPES,SP,2025-10-01,2025,10,90
355600,URUPES,SP,2025-11-01,2025,11,98
355600,URUPES,SP,2025-12-01,2025,12,115
355620,VALINHOS,SP,2025-01-01,2025,1,336
355620,VALINHOS,SP,2025-02-01,2025,2,340
355620,VALINHOS,SP,2025-03-01,2025,3,366
355620,VALINHOS,SP,2025-04-01,2025,4,454
355620,VALINHOS,SP,2025-05-01,2025,5,403
355620,VALINHOS,SP,2025-06-01,2025,6,367
355620,VALINHOS,SP,2025-07-01,2025,7,398
355620,VALINHOS,SP,2025-08-01,2025,8,390
355620,VALINHOS,SP,2025-09-01,2025,9,382
355620,VALINHOS,SP,2025-10-01,2025,10,429
355620,VALINHOS,SP,2025-11-01,2025,11,402
355620,VALINHOS,SP,2025-12-01,2025,12,378
355630,VALPARAISO,SP,2025-01-01,2025,1,65
355630,VALPARAISO,SP,2025-02-01,2025,2,90
355630,VALPARAISO,SP,2025-03-01,2025,3,73
355630,VALPARAISO,SP,2025-04-01,2025,4,73
355630,VALPARAISO,SP,2025-05-01,2025,5,92
355630,VALPARAISO,SP,2025-06-01,2025,6,72
355630,VALPARAISO,SP,2025-07-01,2025,7,77
355630,VALPARAISO,SP,2025-08-01,2025,8,72
355630,VALPARAISO,SP,2025-09-01,2025,9,71
355630,VALPARAISO,SP,2025-10-01,2025,10,72
355630,VALPARAISO,SP,2025-11-01,2025,11,74
355630,VALPARAISO,SP,2025-12-01,2025,12,76
355640,VARGEM GRANDE DO SUL,SP,2025-01-01,2025,1,135
355640,VARGEM GRANDE DO SUL,SP,2025-02-01,2025,2,190
355640,VARGEM GRANDE DO SUL,SP,2025-03-01,2025,3,163
355640,VARGEM GRANDE DO SUL,SP,2025-04-01,2025,4,189
355640,VARGEM GRANDE DO SUL,SP,2025-05-01,2025,5,189
355640,VARGEM GRANDE DO SUL,SP,2025-06-01,2025,6,194
355640,VARGEM GRANDE DO SUL,SP,2025-07-01,2025,7,209
355640,VARGEM GRANDE DO SUL,SP,2025-08-01,2025,8,196
355640,VARGEM GRANDE DO SUL,SP,2025-09-01,2025,9,170
355640,VARGEM GRANDE DO SUL,SP,2025-10-01,2025,10,174
355640,VARGEM GRANDE DO SUL,SP,2025-11-01,2025,11,173
355640,VARGEM GRANDE DO SUL,SP,2025-12-01,2025,12,212
355650,VARZEA PAULISTA,SP,2025-01-01,2025,1,74
355650,VARZEA PAULISTA,SP,2025-02-01,2025,2,78
355650,VARZEA PAULISTA,SP,2025-03-01,2025,3,84
355650,VARZEA PAULISTA,SP,2025-04-01,2025,4,70
355650,VARZEA PAULISTA,SP,2025-05-01,2025,5,74
355650,VARZEA PAULISTA,SP,2025-06-01,2025,6,58
355650,VARZEA PAULISTA,SP,2025-07-01,2025,7,68
355650,VARZEA PAULISTA,SP,2025-08-01,2025,8,66
355650,VARZEA PAULISTA,SP,2025-09-01,2025,9,51
355650,VARZEA PAULISTA,SP,2025-10-01,2025,10,57
355650,VARZEA PAULISTA,SP,2025-11-01,2025,11,70
355650,VARZEA PAULISTA,SP,2025-12-01,2025,12,55
355670,VINHEDO,SP,2025-01-01,2025,1,482
355670,VINHEDO,SP,2025-02-01,2025,2,469
355670,VINHEDO,SP,2025-03-01,2025,3,534
355670,VINHEDO,SP,2025-04-01,2025,4,555
355670,VINHEDO,SP,2025-05-01,2025,5,577
355670,VINHEDO,SP,2025-06-01,2025,6,460
355670,VINHEDO,SP,2025-07-01,2025,7,481
355670,VINHEDO,SP,2025-08-01,2025,8,473
355670,VINHEDO,SP,2025-09-01,2025,9,505
355670,VINHEDO,SP,2025-10-01,2025,10,507
355670,VINHEDO,SP,2025-11-01,2025,11,449
355670,VINHEDO,SP,2025-12-01,2025,12,416
355680,VIRADOURO,SP,2025-01-01,2025,1,0
355680,VIRADOURO,SP,2025-02-01,2025,2,29
355680,VIRADOURO,SP,2025-03-01,2025,3,24
355680,VIRADOURO,SP,2025-04-01,2025,4,25
355680,VIRADOURO,SP,2025-05-01,2025,5,30
355680,VIRADOURO,SP,2025-06-01,2025,6,30
355680,VIRADOURO,SP,2025-07-01,2025,7,39
355680,VIRADOURO,SP,2025-08-01,2025,8,32
355680,VIRADOURO,SP,2025-09-01,2025,9,33
355680,VIRADOURO,SP,2025-10-01,2025,10,30
355680,VIRADOURO,SP,2025-11-01,2025,11,38
355680,VIRADOURO,SP,2025-12-01,2025,12,35
355700,VOTORANTIM,SP,2025-01-01,2025,1,298
355700,VOTORANTIM,SP,2025-02-01,2025,2,293
355700,VOTORANTIM,SP,2025-03-01,2025,3,343
355700,VOTORANTIM,SP,2025-04-01,2025,4,332
355700,VOTORANTIM,SP,2025-05-01,2025,5,351
355700,VOTORANTIM,SP,2025-06-01,2025,6,338
355700,VOTORANTIM,SP,2025-07-01,2025,7,328
355700,VOTORANTIM,SP,2025-08-01,2025,8,318
355700,VOTORANTIM,SP,2025-09-01,2025,9,300
355700,VOTORANTIM,SP,2025-10-01,2025,10,469
355700,VOTORANTIM,SP,2025-11-01,2025,11,354
355700,VOTORANTIM,SP,2025-12-01,2025,12,346
355710,VOTUPORANGA,SP,2025-01-01,2025,1,1027
355710,VOTUPORANGA,SP,2025-02-01,2025,2,998
355710,VOTUPORANGA,SP,2025-03-01,2025,3,1033
355710,VOTUPORANGA,SP,2025-04-01,2025,4,1027
355710,VOTUPORANGA,SP,2025-05-01,2025,5,1062
355710,VOTUPORANGA,SP,2025-06-01,2025,6,985
355710,VOTUPORANGA,SP,2025-07-01,2025,7,983
355710,VOTUPORANGA,SP,2025-08-01,2025,8,972
355710,VOTUPORANGA,SP,2025-09-01,2025,9,1041
355710,VOTUPORANGA,SP,2025-10-01,2025,10,1038
355710,VOTUPORANGA,SP,2025-11-01,2025,11,945
355710,VOTUPORANGA,SP,2025-12-01,2025,12,978
355720,CHAVANTES,SP,2025-01-01,2025,1,78
355720,CHAVANTES,SP,2025-02-01,2025,2,115
355720,CHAVANTES,SP,2025-03-01,2025,3,123
355720,CHAVANTES,SP,2025-04-01,2025,4,81
355720,CHAVANTES,SP,2025-05-01,2025,5,74
355720,CHAVANTES,SP,2025-06-01,2025,6,103
355720,CHAVANTES,SP,2025-07-01,2025,7,98
355720,CHAVANTES,SP,2025-08-01,2025,8,103
355720,CHAVANTES,SP,2025-09-01,2025,9,94
355720,CHAVANTES,SP,2025-10-01,2025,10,100
355720,CHAVANTES,SP,2025-11-01,2025,11,92
355720,CHAVANTES,SP,2025-12-01,2025,12,91
